patient_id,age,bmi,diabetes,hypertension,smoking,prior_preterm_birth,late_discontinuation,days_before_conception,treatment_strategy,preterm_birth,propensity_score,iptw
1,34.5,26.9,0,0,0,0,0,169,Early discontinuation,0,0.43350964493657784,1.7652551205184133
2,31.3,30.1,0,0,0,0,0,177,Early discontinuation,0,0.44085273771866007,1.7884376218171325
3,35.2,26.2,1,0,0,0,0,141,Early discontinuation,1,0.6320298698173222,2.71761188742019
4,39.6,29.2,0,0,0,0,1,45,Late discontinuation,0,0.46940920807128933,2.1303374173438234
5,30.8,19.6,1,0,0,0,0,85,Early discontinuation,0,0.5733867146967627,2.344043269278871
6,30.8,32.3,0,0,0,0,1,9,Late discontinuation,0,0.45294110742445254,2.2077925443470443
7,39.9,31.0,0,0,0,0,1,13,Late discontinuation,0,0.4823425744851605,2.0732152890865443
8,35.8,26.1,0,0,0,0,1,38,Late discontinuation,0,0.43372796663867946,2.305592622375347
9,29.7,35.0,0,0,0,1,1,35,Late discontinuation,0,0.5863964688727447,1.7053308692706546
10,34.7,36.6,0,0,0,0,0,173,Early discontinuation,0,0.49706201528065647,1.988316711767225
11,29.7,21.4,1,0,0,0,1,23,Late discontinuation,0,0.5803376538346787,1.72313478781246
12,29.7,26.4,0,0,0,0,1,17,Late discontinuation,0,0.4107855927345012,2.434359962196434
13,33.2,26.4,0,0,0,0,0,159,Early discontinuation,0,0.4250029011944226,1.7391392097060439
14,22.4,25.4,0,0,0,0,0,112,Early discontinuation,0,0.3755090306050118,1.6013041805373227
15,23.4,36.0,1,0,0,1,1,36,Late discontinuation,1,0.7474228254769996,1.3379307748084996
16,29.2,29.8,0,0,1,0,1,40,Late discontinuation,0,0.41340903894041486,2.41891179390524
17,26.9,29.4,1,0,0,0,0,128,Early discontinuation,0,0.6190715528788101,2.625164929417457
18,33.6,19.0,0,0,0,0,0,164,Early discontinuation,0,0.38032175471320956,1.6137406914086434
19,27.5,34.8,0,0,0,1,1,23,Late discontinuation,0,0.5761877963123356,1.7355452621525629
20,24.9,23.6,0,1,0,0,0,165,Early discontinuation,0,0.4489075043017415,1.8145774217682926
21,39.3,31.4,1,0,0,0,1,47,Late discontinuation,0,0.6780316482353126,1.4748574090939004
22,30.9,32.7,0,0,0,0,0,61,Early discontinuation,0,0.45593613711763675,1.8380195198081342
23,32.3,39.2,0,0,0,0,0,169,Early discontinuation,0,0.5039589623004656,2.0159622369908177
24,24.9,23.1,0,0,1,0,1,17,Late discontinuation,0,0.3552421125628074,2.8149815706976415
25,29.3,12.9,1,1,0,0,1,3,Late discontinuation,1,0.5998698886618381,1.6670281654422654
26,32.6,32.1,0,0,0,0,0,179,Early discontinuation,0,0.45910661616055215,1.8487931815724108
27,26.2,41.8,0,0,1,0,1,35,Late discontinuation,0,0.47809507073088425,2.09163419834314
28,33.9,38.4,0,1,0,1,1,5,Late discontinuation,0,0.6934679748857624,1.4420276584001357
29,29.0,32.3,0,0,0,0,0,111,Early discontinuation,0,0.44550379156480047,1.8034388419391034
30,30.5,28.1,1,0,0,0,1,17,Late discontinuation,0,0.6252506000363788,1.5993587210341218
31,29.0,35.8,1,1,0,0,1,46,Late discontinuation,0,0.730254181389858,1.369386202071103
32,41.3,25.2,0,0,0,0,1,39,Late discontinuation,0,0.45060388792583,2.2192440562443645
33,31.9,33.9,0,0,0,0,1,17,Late discontinuation,0,0.46784878676613256,2.137442755622402
34,26.7,34.0,0,0,0,0,1,55,Late discontinuation,0,0.44694558888604846,2.2374088141072495
35,36.1,37.4,0,0,0,0,0,170,Early discontinuation,0,0.508111478890921,2.0329809643560366
36,25.9,47.6,0,0,0,0,0,151,Early discontinuation,0,0.5318509591843625,2.1360718762933697
37,33.0,33.4,1,1,0,0,0,155,Early discontinuation,0,0.7311076152910867,3.7189599143260965
38,22.2,27.9,1,0,0,0,1,53,Late discontinuation,1,0.5909950533556019,1.6920615398083538
39,25.4,30.8,1,0,1,0,1,25,Late discontinuation,0,0.605320855921172,1.6520164309855287
40,33.0,20.4,1,1,0,0,1,20,Late discontinuation,1,0.6596891053790778,1.5158655673498944
41,35.7,26.8,1,0,0,0,1,60,Late discontinuation,0,0.6375856749255197,1.5684166682647258
42,32.9,28.5,1,0,0,0,1,23,Late discontinuation,0,0.6370042684251894,1.5698481934386619
43,31.4,27.9,0,0,0,0,0,148,Early discontinuation,0,0.42719871226229755,1.7458061310398463
44,30.5,31.9,1,1,0,0,1,26,Late discontinuation,0,0.7149321344240578,1.3987341620972038
45,24.6,26.1,0,1,0,1,1,31,Late discontinuation,0,0.584421639806948,1.7110933817069642
46,28.4,37.7,0,0,1,0,0,159,Early discontinuation,0,0.4606705787135434,1.854154363792561
47,29.7,31.0,1,0,1,0,0,169,Early discontinuation,0,0.6235633101616578,2.6564891972390954
48,37.3,30.9,0,0,1,0,0,94,Early discontinuation,0,0.4536355650185064,1.8302801865825544
49,33.7,29.0,0,1,1,0,0,77,Early discontinuation,0,0.5032760376938326,2.0131905764264832
50,23.2,31.9,1,0,0,0,1,26,Late discontinuation,0,0.6198437415904183,1.6133098277868587
51,33.6,36.0,0,0,0,0,0,156,Early discontinuation,0,0.4885675684980097,1.9552925047462668
52,30.1,25.8,0,1,1,0,1,38,Late discontinuation,0,0.46747121892624294,2.1391691285229237
53,28.6,27.1,1,0,0,0,1,44,Late discontinuation,0,0.6116228568105545,1.6349944886211836
54,35.1,29.2,1,0,1,0,1,56,Late discontinuation,1,0.6336790839015288,1.5780858567132319
55,37.2,22.9,0,0,0,0,0,68,Early discontinuation,1,0.41907763395030323,1.721400411555943
56,36.7,26.1,0,0,0,0,0,156,Early discontinuation,0,0.4374230490926829,1.7775346081762016
57,27.8,28.1,0,0,0,0,1,22,Late discontinuation,0,0.4138179953583162,2.4165212997422243
58,30.5,36.2,1,1,1,0,1,12,Late discontinuation,0,0.7235345345580221,1.3821040354498897
59,33.7,32.6,1,0,0,0,0,124,Early discontinuation,0,0.6642858632624142,2.978724726095344
60,36.9,32.2,0,0,0,0,0,90,Early discontinuation,0,0.47763307805591143,1.9143631765164388
61,29.6,36.1,0,0,0,0,1,28,Late discontinuation,0,0.4725439535840084,2.116205259670561
62,31.1,30.2,0,0,0,0,0,92,Early discontinuation,0,0.44067098362126306,1.7878564685849816
63,26.5,33.3,1,0,0,0,0,71,Early discontinuation,0,0.6411666747555995,2.786809166397526
64,26.0,30.4,0,0,0,0,1,22,Late discontinuation,0,0.4210648219330888,2.3749312407743943
65,36.1,32.6,1,1,0,0,0,94,Early discontinuation,1,0.7371481335949718,3.8044241940405357
66,38.8,27.5,0,0,0,0,0,165,Early discontinuation,0,0.4550911925466171,1.835169456470109
67,31.6,16.4,1,0,0,0,1,5,Late discontinuation,0,0.5562011516023531,1.7979106967310519
68,37.0,30.2,1,0,0,1,1,10,Late discontinuation,0,0.7615291404114366,1.3131473858764264
69,33.8,39.5,1,1,0,0,0,114,Early discontinuation,0,0.7635729678939795,4.229634788764646
70,28.8,36.6,0,0,0,1,1,53,Late discontinuation,0,0.5928356326510191,1.6868081891910567
71,33.8,36.8,1,0,1,0,1,33,Late discontinuation,1,0.6735140524918812,1.4847500156829383
72,39.7,38.4,1,0,0,0,1,16,Late discontinuation,0,0.7178058753077362,1.3931343200155364
73,31.8,31.5,0,1,0,0,1,2,Late discontinuation,1,0.528905357321577,1.8906974303759894
74,39.8,32.2,1,0,0,0,0,64,Early discontinuation,0,0.6843664470394906,3.1682309774116924
75,18.9,27.3,1,0,0,0,0,171,Early discontinuation,0,0.5737957836461758,2.3462930717931347
76,36.1,29.1,1,0,0,0,1,33,Late discontinuation,0,0.6528160744151912,1.5318250257483699
77,32.4,34.7,1,0,0,0,0,87,Early discontinuation,0,0.6715927417912406,3.044999691706959
78,30.5,38.2,0,0,0,0,0,111,Early discontinuation,0,0.48993889282945535,1.9605494046532719
79,32.5,30.2,0,0,0,0,0,65,Early discontinuation,0,0.4464414023546181,1.806493484616809
80,22.1,28.3,0,0,0,0,0,66,Early discontinuation,0,0.3921727213962291,1.645204213764611
81,30.9,31.0,1,1,0,0,1,28,Late discontinuation,0,0.7115074757268738,1.40546661014124
82,33.8,34.6,1,1,0,0,1,4,Late discontinuation,0,0.7397829568976771,1.351747821000849
83,39.4,22.3,1,0,0,0,1,9,Late discontinuation,0,0.6247062439661202,1.6007523690674577
84,29.4,17.2,0,1,0,0,0,116,Early discontinuation,0,0.4264124036438315,1.7434128742544341
85,28.0,27.7,0,0,1,1,0,149,Early discontinuation,0,0.5153443611203787,2.063320675091495
86,29.5,23.7,1,0,0,0,1,8,Late discontinuation,0,0.5940370703644501,1.6833966260497615
87,36.6,28.0,0,0,0,0,1,20,Late discontinuation,0,0.449213897809784,2.226111001631214
88,33.6,30.1,0,0,0,0,0,176,Early discontinuation,0,0.4503412102885173,1.8193104862835046
89,29.4,28.3,1,0,1,0,1,9,Late discontinuation,0,0.6057351032472863,1.6508866576150174
90,34.6,39.7,0,0,0,0,0,156,Early discontinuation,0,0.5168084373015351,2.0695725612743137
91,32.5,33.0,0,0,0,0,0,104,Early discontinuation,0,0.4645132272788881,1.8674597598712532
92,36.8,32.8,0,0,0,0,0,75,Early discontinuation,0,0.48111355954367274,1.9272039545311
93,28.5,34.7,0,0,1,0,0,150,Early discontinuation,0,0.44175268371414733,1.7913207476808473
94,30.4,24.2,1,0,0,0,1,45,Late discontinuation,0,0.6007816140686881,1.6644983411321053
95,30.0,37.2,0,1,1,0,1,30,Late discontinuation,0,0.5410894518543968,1.8481232568346067
96,24.7,30.5,0,0,0,0,0,133,Early discontinuation,0,0.41641421012965646,1.713544122145558
97,33.5,35.0,0,0,0,0,1,51,Late discontinuation,0,0.481649777807933,2.0761973659598967
98,33.3,24.6,1,0,0,0,0,126,Early discontinuation,0,0.6148068238067697,2.596099987758752
99,32.0,21.7,0,0,0,0,0,169,Early discontinuation,0,0.3906378219985577,1.6410601709475199
100,30.8,35.9,1,1,1,0,1,34,Late discontinuation,0,0.7229745188180415,1.383174612619619
101,24.9,33.3,0,0,0,1,1,38,Late discontinuation,0,0.5559359129848143,1.7987684850777317
102,29.9,25.6,0,0,0,0,1,38,Late discontinuation,0,0.4065611831825752,2.459654392413867
103,30.3,25.8,0,0,0,1,0,150,Early discontinuation,0,0.5298811898570225,2.127121864568383
104,28.0,37.8,1,0,0,0,0,132,Early discontinuation,0,0.6731791078585815,3.0597799101756644
105,31.2,23.9,1,1,0,0,0,81,Early discontinuation,0,0.673254282463013,3.0604838757735267
106,34.0,40.9,0,0,0,1,1,54,Late discontinuation,0,0.6397899076332166,1.5630130892488026
107,41.4,25.6,0,0,0,0,0,132,Early discontinuation,0,0.45359627726145607,1.8301485849841173
108,32.9,34.8,1,0,0,0,1,7,Late discontinuation,0,0.6740038426812638,1.4836710663575545
109,33.3,29.0,0,0,0,0,0,162,Early discontinuation,0,0.44202913826805557,1.7922082828769854
110,31.6,34.6,1,0,0,1,1,13,Late discontinuation,0,0.765920383649873,1.305618731851289
111,22.4,27.7,0,0,0,0,0,73,Early discontinuation,0,0.38964750989881897,1.6383975099933243
112,31.9,30.0,1,0,0,0,1,7,Late discontinuation,1,0.6421538172473888,1.5572592938659608
113,32.3,31.2,1,0,0,0,1,50,Late discontinuation,1,0.6508178312869337,1.536528275543081
114,44.3,25.0,1,1,0,1,0,66,Early discontinuation,0,0.8109692568398771,5.29014478429536
115,31.0,35.4,1,0,0,0,1,6,Late discontinuation,0,0.6704533212072726,1.4915281472531434
116,33.5,27.9,0,0,0,0,1,12,Late discontinuation,0,0.4358013827597442,2.2946232838166476
117,31.8,29.6,1,0,1,0,0,172,Early discontinuation,0,0.6232424207602079,2.654226630338171
118,26.2,25.0,0,0,0,0,1,20,Late discontinuation,0,0.3880289295293981,2.577127435350764
119,37.7,15.6,0,0,1,0,1,46,Late discontinuation,0,0.3595051325681296,2.7816014554687634
120,35.8,29.9,1,0,0,0,1,31,Late discontinuation,1,0.656390874889969,1.5234824831585758
121,36.0,45.5,1,0,1,0,1,10,Late discontinuation,0,0.7285522261401346,1.372585195845182
122,27.5,35.7,1,0,0,0,1,57,Late discontinuation,0,0.6591692244962427,1.517061116990452
123,39.0,30.9,0,1,0,0,0,146,Early discontinuation,0,0.5548716678521947,2.246543137739318
124,25.0,29.4,1,0,0,0,0,175,Early discontinuation,0,0.611561211543613,2.5744081943358177
125,34.9,31.1,1,0,0,0,0,112,Early discontinuation,0,0.6600356739378667,2.9414851010492074
126,43.0,34.3,0,0,1,0,0,136,Early discontinuation,0,0.4994216286839383,1.997689187750797
127,27.0,23.9,0,1,0,0,0,178,Early discontinuation,0,0.4595366547769109,1.850264238710261
128,29.2,37.7,0,1,0,1,1,43,Late discontinuation,1,0.6725354147901964,1.4869105447955617
129,32.5,35.3,0,0,1,0,0,168,Early discontinuation,0,0.4621633481814761,1.8593005824701931
130,29.5,35.3,1,0,0,0,1,16,Late discontinuation,0,0.6643150794196581,1.5053098009962298
131,24.2,33.6,1,0,0,0,1,13,Late discontinuation,0,0.6340960262839863,1.5770482049230503
132,32.3,31.1,1,0,0,0,0,97,Early discontinuation,0,0.6502261440555467,2.858990124633007
133,26.7,35.0,1,1,1,1,1,47,Late discontinuation,1,0.7946772759985004,1.258372461630433
134,34.4,34.6,0,0,0,1,0,63,Early discontinuation,1,0.6028052433748542,2.517656598734394
135,27.4,28.9,1,0,0,0,0,158,Early discontinuation,0,0.617971275753206,2.6176042180377803
136,39.7,27.6,0,0,0,0,1,55,Late discontinuation,0,0.4594671201165715,2.176434300122041
137,28.1,31.6,1,0,0,0,1,16,Late discontinuation,0,0.6371248529727412,1.5695510783076987
138,30.4,40.3,0,0,0,0,0,107,Early discontinuation,0,0.5031837382495251,2.0128165621564302
139,36.1,23.6,1,0,1,0,0,101,Early discontinuation,0,0.6032406291527069,2.5204193611469496
140,25.8,22.2,0,0,1,0,0,124,Early discontinuation,0,0.35332193624365726,1.5463644988842284
141,33.1,32.0,0,0,0,0,0,102,Early discontinuation,0,0.46053417250023754,1.8536855330293194
142,38.5,31.3,1,0,0,0,0,103,Early discontinuation,0,0.6745370898557075,3.072546729077837
143,24.0,32.0,0,0,0,0,0,69,Early discontinuation,0,0.423075275049917,1.7333283819418945
144,32.9,32.5,1,0,0,0,1,36,Late discontinuation,0,0.6607167671861276,1.5135078291698543
145,33.3,29.7,0,0,0,0,0,161,Early discontinuation,0,0.44652712102937714,1.8067732638676912
146,35.9,39.9,1,0,1,0,1,40,Late discontinuation,1,0.6984384572061988,1.4317653755780686
147,25.8,21.4,0,1,0,0,1,14,Late discontinuation,0,0.43848485637359996,2.2805804703731325
148,25.4,26.0,0,1,0,0,0,156,Early discontinuation,0,0.46648209182093475,1.8743513285487854
149,34.6,30.4,0,1,0,0,1,48,Late discontinuation,1,0.5334204649730918,1.8746937278652116
150,33.5,21.1,0,0,0,0,1,60,Late discontinuation,0,0.3928858351667942,2.5452686518348617
151,33.3,29.9,0,0,0,0,1,25,Late discontinuation,1,0.44781390172621405,2.233070469999351
152,33.7,41.0,0,0,0,1,0,157,Early discontinuation,0,0.6392349241516253,2.7718869340342915
153,28.6,31.1,0,1,1,0,1,11,Late discontinuation,0,0.49564753752463503,2.0175627321669025
154,33.2,32.4,0,1,1,0,1,40,Late discontinuation,0,0.5232939729778995,1.9109717513261584
155,33.5,23.4,1,1,0,0,1,46,Late discontinuation,0,0.6788163580947005,1.4731524779497014
156,28.4,27.3,1,0,1,1,0,135,Early discontinuation,0,0.7053021086409098,3.3933055828400795
157,41.3,28.7,0,1,0,0,1,0,Late discontinuation,0,0.5502117916847673,1.8174819498832728
158,34.4,29.1,1,0,0,0,1,16,Late discontinuation,0,0.6463539874675408,1.5471398326450627
159,26.0,38.7,1,0,0,0,1,32,Late discontinuation,0,0.6709804554086428,1.490356376164454
160,35.3,34.3,0,0,0,0,0,135,Early discontinuation,0,0.48460678212677194,1.9402661217128612
161,27.1,24.3,1,0,1,0,0,67,Early discontinuation,0,0.5712383093535653,2.332297921701731
162,35.9,32.5,0,0,0,0,0,126,Early discontinuation,0,0.4754149651451669,1.9062686381755574
163,37.8,34.0,0,0,0,0,1,53,Late discontinuation,0,0.4930878447950048,2.028036201978854
164,27.9,37.8,0,0,0,0,0,132,Early discontinuation,0,0.4764972993816258,1.910209820921221
165,36.8,40.5,1,0,0,0,1,30,Late discontinuation,0,0.7190651445813483,1.390694581062216
166,34.1,24.9,1,1,0,0,0,176,Early discontinuation,0,0.6894173569438619,3.2197549423882292
167,36.1,26.1,0,0,0,0,1,29,Late discontinuation,0,0.43495886323950966,2.2990679912857668
168,41.5,23.5,0,0,0,0,1,12,Late discontinuation,0,0.4404993886310024,2.270150710328636
169,30.8,29.6,1,1,0,0,1,15,Late discontinuation,0,0.703622936902591,1.4212157500181652
170,28.2,33.8,0,1,0,0,1,1,Late discontinuation,0,0.5288406968040068,1.890928602967576
171,27.6,36.9,0,0,0,0,0,111,Early discontinuation,0,0.46940983436772404,1.8846938084658116
172,27.9,30.5,1,0,0,0,0,95,Early discontinuation,0,0.6297018653337718,2.700526701009066
173,31.6,29.1,1,0,0,0,0,176,Early discontinuation,0,0.6355939363879394,2.7441914387697453
174,33.7,31.9,1,0,1,0,0,170,Early discontinuation,0,0.6444940663426776,2.8128925717563837
175,33.4,26.0,1,0,0,0,1,18,Late discontinuation,0,0.6237908251040208,1.6031014881202268
176,36.1,43.5,1,1,0,0,1,12,Late discontinuation,0,0.7883292126406523,1.268505573515813
177,32.1,21.4,0,0,0,0,0,145,Early discontinuation,0,0.38917775054495396,1.6371374829455942
178,39.3,32.1,0,1,0,0,1,3,Late discontinuation,1,0.5638041559803643,1.7736655350848942
179,30.7,43.1,0,1,0,0,0,98,Early discontinuation,0,0.5985156867272302,2.490757339554128
180,45.6,31.0,1,1,0,0,1,49,Late discontinuation,1,0.7591830132783748,1.3172054465256102
181,35.1,29.9,1,0,0,0,1,24,Late discontinuation,1,0.6537495034315166,1.5296378731471645
182,27.7,28.9,0,1,0,1,1,37,Late discontinuation,1,0.6143405253577471,1.6277617359162053
183,26.6,29.9,1,0,0,0,1,50,Late discontinuation,1,0.6209570559631001,1.6104173233831878
184,34.4,39.2,0,0,0,1,1,56,Late discontinuation,0,0.6310881591313201,1.5845646690257658
185,30.9,17.7,0,0,0,0,0,134,Early discontinuation,0,0.3619047310184271,1.567164103247533
186,35.6,40.2,0,0,0,0,1,35,Late discontinuation,0,0.5242240468354479,1.9075813214533757
187,34.4,22.5,0,0,0,0,0,147,Early discontinuation,0,0.40522729397454754,1.6813145422937523
188,31.6,29.4,1,0,0,0,1,55,Late discontinuation,0,0.6374004252389762,1.568872502124668
189,27.8,28.4,0,0,0,0,1,38,Late discontinuation,0,0.41571323299746604,2.405504373266115
190,24.4,34.5,1,0,0,0,1,6,Late discontinuation,0,0.6402830838474493,1.5618091828867606
191,29.8,21.4,1,0,0,0,0,98,Early discontinuation,0,0.5807443188928207,2.3851793668226007
192,36.3,33.8,0,0,0,0,1,54,Late discontinuation,0,0.4855276679197198,2.0596148604354023
193,33.1,43.1,1,1,0,0,1,57,Late discontinuation,0,0.7780559936048815,1.2852545423714425
194,25.8,22.8,0,0,0,0,1,15,Late discontinuation,1,0.37295917666440864,2.6812586003207723
195,32.9,32.1,0,0,0,0,0,65,Early discontinuation,0,0.46035098469122976,1.8530562859043322
196,33.9,27.0,0,0,0,0,1,47,Late discontinuation,0,0.43168900905568336,2.316482419108823
197,27.6,33.6,1,0,0,1,0,180,Early discontinuation,0,0.7488693202470836,3.981990575519824
198,32.8,31.1,0,0,0,0,1,46,Late discontinuation,0,0.45347846729564883,2.2051763691528095
199,32.3,27.2,0,0,0,0,0,173,Early discontinuation,0,0.42641869363793,1.7434319928285031
200,26.3,33.9,0,1,0,0,1,35,Late discontinuation,0,0.521577527605776,1.917260516553217
201,33.8,41.8,0,0,0,0,1,31,Late discontinuation,0,0.5271119148188805,1.8971303282787817
202,34.8,29.9,1,0,0,0,1,23,Late discontinuation,0,0.6526145677554426,1.5322980046849566
203,37.4,35.3,0,0,0,0,1,24,Late discontinuation,0,0.4998759207930112,2.000496440023724
204,37.3,23.2,0,1,0,0,0,137,Early discontinuation,0,0.4978957052629465,1.9916180970403548
205,25.1,25.3,0,0,0,0,0,77,Early discontinuation,0,0.385523822256474,1.6274023895803273
206,27.3,33.8,0,0,0,0,1,18,Late discontinuation,0,0.4481360177635808,2.2314653595363567
207,34.6,39.9,1,0,0,0,1,6,Late discontinuation,1,0.7083685389375395,1.4116945417986373
208,34.6,33.1,0,0,0,0,1,43,Late discontinuation,1,0.4738953331222539,2.1101706011990276
209,34.6,29.1,1,0,0,0,0,143,Early discontinuation,0,0.6471170691310367,2.833800993257257
210,51.3,31.0,0,0,1,0,0,86,Early discontinuation,0,0.512599701629789,2.0517016574340246
211,34.9,23.5,0,0,0,1,1,16,Late discontinuation,1,0.5341036636029302,1.8722957136340337
212,37.7,34.6,1,0,0,0,1,1,Late discontinuation,0,0.6902534811744181,1.448743146211403
213,36.8,36.3,0,0,0,0,1,15,Late discontinuation,0,0.5038773997518565,1.9846097493010562
214,35.3,28.3,1,0,0,0,0,62,Early discontinuation,0,0.6450291554431427,2.8171327739561023
215,30.4,28.2,1,0,0,1,0,82,Early discontinuation,1,0.7308244409202359,3.715047545247868
216,35.8,32.6,0,0,0,0,0,131,Early discontinuation,0,0.47564756319946844,1.907114241905219
217,28.1,28.4,0,1,0,0,1,38,Late discontinuation,0,0.4933203021522819,2.027080571460674
218,30.8,30.6,1,1,0,0,1,0,Late discontinuation,0,0.7090214623597031,1.4103945410508274
219,29.6,43.6,0,0,0,0,1,2,Late discontinuation,0,0.5213024922497603,1.9182720490829568
220,32.4,29.5,0,0,0,0,0,163,Early discontinuation,0,0.4415317643253346,1.7906121353382543
221,43.6,28.8,0,0,0,0,0,144,Early discontinuation,0,0.4834742795121651,1.9360120132169718
222,22.7,27.1,0,0,0,0,0,130,Early discontinuation,0,0.3871282022942044,1.6316626148296718
223,35.4,35.5,1,0,1,0,1,10,Late discontinuation,0,0.6719477730358673,1.4882108999066836
224,23.9,29.9,0,1,1,0,1,21,Late discontinuation,0,0.4682599020603655,2.1355661580245355
225,29.6,27.1,0,0,1,0,1,46,Late discontinuation,0,0.3980777481850998,2.5120720878249543
226,37.4,38.9,1,0,0,0,0,86,Early discontinuation,0,0.7126331627803296,3.479872659194753
227,32.3,39.5,0,0,1,0,1,56,Late discontinuation,0,0.4885853528410511,2.046725294127523
228,26.6,27.4,0,0,0,0,0,86,Early discontinuation,0,0.4045692166040273,1.679456332936991
229,28.4,19.8,1,0,0,0,1,2,Late discontinuation,0,0.5648348705661603,1.7704289379259701
230,35.4,37.0,0,0,0,0,0,65,Early discontinuation,0,0.502587062950431,2.010402073439329
231,28.3,26.9,1,0,0,0,1,23,Late discontinuation,1,0.6091935828068908,1.6415143366948293
232,33.1,35.7,1,1,0,0,0,134,Early discontinuation,0,0.7430304880465046,3.891512235821086
233,32.2,19.2,0,0,0,0,0,78,Early discontinuation,0,0.3760478180977462,1.6026869189739552
234,28.7,36.4,0,1,0,0,0,75,Early discontinuation,0,0.5477314612502489,2.2110757532778975
235,42.7,23.7,0,1,0,1,0,117,Early discontinuation,0,0.6412416404808831,2.787391494766587
236,35.2,35.4,0,0,0,0,1,7,Late discontinuation,1,0.49134248303723277,2.0352402540454095
237,21.9,31.1,1,0,0,0,0,65,Early discontinuation,0,0.609772062974343,2.562604839679255
238,32.9,25.3,1,0,0,0,1,3,Late discontinuation,0,0.6175356854053847,1.6193396165333254
239,28.7,28.6,0,1,0,0,1,49,Late discontinuation,1,0.4971262338417682,2.011561514812942
240,36.3,35.1,1,0,0,0,1,38,Late discontinuation,0,0.6880326612006745,1.4534193743868444
241,28.0,31.6,1,0,0,0,1,42,Late discontinuation,0,0.6367386677945219,1.5705030188659814
242,31.4,34.5,1,0,0,1,1,30,Late discontinuation,0,0.7648532729437194,1.307440309631235
243,34.5,42.9,0,0,0,1,1,28,Late discontinuation,0,0.6535894397762474,1.5300124805295878
244,36.3,21.6,0,1,0,0,0,75,Early discontinuation,1,0.4833164356601589,1.9354205727013694
245,26.0,40.7,0,0,0,0,1,35,Late discontinuation,0,0.48741914011893855,2.051622346541383
246,30.3,31.6,1,0,0,0,1,12,Late discontinuation,1,0.6455754590681715,1.5490055979566006
247,29.6,25.6,0,0,0,0,1,40,Late discontinuation,1,0.40535299823979065,2.4669855763801207
248,28.7,23.0,1,1,0,1,1,8,Late discontinuation,0,0.7583673538895686,1.3186221622952632
249,40.8,29.9,0,0,0,0,1,54,Late discontinuation,0,0.4789479648536112,2.0879094878410154
250,34.0,36.5,0,0,1,0,0,119,Early discontinuation,0,0.476179247736195,1.9090499864281496
251,25.7,30.2,0,0,0,0,0,146,Early discontinuation,0,0.4185766951607862,1.7199172989402944
252,36.6,40.1,1,0,0,0,1,2,Late discontinuation,0,0.7162790599701823,1.3961039151997947
253,42.6,22.3,0,0,0,1,1,24,Late discontinuation,0,0.5582307650740809,1.7913738592807464
254,37.2,30.9,1,0,1,0,1,24,Late discontinuation,0,0.651887710544952,1.5340065226326174
255,24.4,23.5,0,0,0,0,0,129,Early discontinuation,0,0.3717528833263561,1.591730345368972
256,29.6,33.2,0,0,0,0,0,142,Early discontinuation,0,0.45377966064326963,1.8307630235404162
257,38.3,36.3,0,0,0,0,0,77,Early discontinuation,0,0.5101385587175439,2.0413935772981078
258,28.5,28.5,0,0,0,0,1,51,Late discontinuation,1,0.41918896390488564,2.3855589867745204
259,34.2,15.4,0,0,0,0,0,178,Early discontinuation,0,0.3608084278022108,1.5644761969586225
260,35.9,32.2,0,1,0,0,1,48,Late discontinuation,0,0.5504374938278609,1.8167367070978115
261,27.4,33.6,0,1,0,0,1,60,Late discontinuation,0,0.5242125002780677,1.9076233387596664
262,31.7,33.4,0,0,0,0,1,25,Late discontinuation,0,0.46377965234867213,2.1561963638029433
263,15.8,38.4,1,0,0,0,1,52,Late discontinuation,0,0.630526411527571,1.585976386900762
264,26.9,24.6,1,0,0,0,0,100,Early discontinuation,0,0.5892059137293375,2.4343096296209183
265,30.7,35.1,0,0,0,0,1,15,Late discontinuation,0,0.47063606919896533,2.1247840219769505
266,25.8,38.2,1,0,1,0,1,55,Late discontinuation,1,0.6517996555974913,1.5342137594155685
267,40.2,20.3,1,0,0,0,1,9,Late discontinuation,0,0.615592028459589,1.62445248438698
268,24.8,32.9,0,0,0,0,0,111,Early discontinuation,0,0.4320779456386242,1.7608050124492745
269,29.8,28.0,1,1,0,0,0,133,Early discontinuation,0,0.6913137308970724,3.2395350881854816
270,32.7,30.5,1,0,0,0,1,35,Late discontinuation,0,0.6481911518930737,1.5427547831830957
271,39.2,33.1,0,0,0,0,0,155,Early discontinuation,0,0.4930769293004438,1.9726859119274158
272,24.8,28.1,0,0,0,0,1,25,Late discontinuation,1,0.40171992725750827,2.489296477839362
273,37.8,26.9,1,0,0,0,1,19,Late discontinuation,0,0.6462447505501392,1.5474013508793902
274,32.1,31.2,0,0,1,1,1,60,Late discontinuation,0,0.5550158577544695,1.8017503212356587
275,27.1,24.5,0,0,0,1,0,77,Early discontinuation,0,0.5080976851286756,2.0329239561752983
276,34.3,24.5,0,0,1,0,0,172,Early discontinuation,0,0.40067356203083115,1.668539775065693
277,33.0,35.1,0,0,0,0,0,163,Early discontinuation,0,0.4802150325230376,1.9238724906839895
278,29.0,24.1,1,1,1,0,1,8,Late discontinuation,0,0.6506950313877841,1.5368182508897112
279,32.3,35.0,1,0,0,0,0,146,Early discontinuation,0,0.6729450551098329,3.057590217251796
280,30.1,33.8,1,0,0,0,1,25,Late discontinuation,0,0.6578132089580904,1.520188385368392
281,32.6,20.6,0,0,1,0,1,23,Late discontinuation,0,0.36992202104904015,2.703272427967815
282,35.3,26.9,0,0,0,0,1,11,Late discontinuation,0,0.4367934338471546,2.2894117047325535
283,39.9,38.2,0,0,0,0,1,59,Late discontinuation,0,0.5291492626429054,1.8898259349457822
284,25.8,25.1,0,0,0,0,1,19,Late discontinuation,1,0.3870611547946158,2.5835710652251445
285,42.7,28.2,0,1,0,0,1,55,Late discontinuation,0,0.5527759973983242,1.809051052698678
286,22.2,33.8,1,1,0,1,0,97,Early discontinuation,1,0.7885625586539183,4.729531314953797
287,31.2,35.7,1,0,1,0,0,150,Early discontinuation,0,0.6574775360937476,2.9195165438074673
288,34.9,29.5,0,1,0,0,1,15,Late discontinuation,0,0.5288349428912251,1.8909491769451545
289,33.4,27.4,1,0,0,0,1,28,Late discontinuation,0,0.6323022940566242,1.581522017869585
290,28.9,39.5,0,0,0,0,1,31,Late discontinuation,0,0.49171683194182175,2.033690805439657
291,31.0,41.4,0,0,0,0,1,18,Late discontinuation,0,0.5128431436768607,1.94991394996614
292,29.5,36.9,1,1,0,0,1,54,Late discontinuation,0,0.7374760552473446,1.3559762284954548
293,29.1,31.5,0,0,0,0,0,175,Early discontinuation,0,0.4407780052552175,1.7881986212941778
294,36.2,26.2,1,0,0,0,0,73,Early discontinuation,0,0.6359051048705417,2.74653672264325
295,33.8,26.0,1,0,0,0,1,31,Late discontinuation,0,0.6253571513780817,1.5990862146476275
296,28.5,34.1,0,0,0,1,0,162,Early discontinuation,0,0.5758169663255712,2.3574728846121773
297,36.5,33.5,1,0,0,0,0,162,Early discontinuation,1,0.67975277847773,3.122587591069732
298,33.5,39.4,0,1,0,1,1,19,Late discontinuation,1,0.6975649395946356,1.433558287176981
299,36.1,34.9,0,0,0,1,0,180,Early discontinuation,0,0.6114390316496934,2.5735986922352203
300,35.1,22.0,0,0,0,0,0,65,Early discontinuation,0,0.40490843226047246,1.6804136610413232
301,27.9,37.3,0,0,0,0,0,135,Early discontinuation,0,0.4732522532130702,1.898441912850747
302,29.2,25.0,1,0,1,0,0,71,Early discontinuation,0,0.5842374956666931,2.4052193008687572
303,35.7,28.7,0,0,0,1,0,148,Early discontinuation,0,0.5708507100977552,2.330191435777019
304,35.1,32.5,1,0,0,0,1,34,Late discontinuation,1,0.668903478439339,1.4949840032722856
305,31.9,43.0,1,0,0,0,0,169,Early discontinuation,1,0.7156662037891428,3.516993102214331
306,32.6,49.7,0,0,0,0,0,154,Early discontinuation,1,0.5730047341638835,2.341946339947962
307,38.4,34.6,1,0,1,0,1,40,Late discontinuation,0,0.6778009199581344,1.475359461096286
308,29.0,29.9,0,0,0,0,1,5,Late discontinuation,1,0.4301309146617231,2.3248735813059405
309,34.7,34.2,0,0,0,0,0,104,Early discontinuation,0,0.4814547843926505,1.9284721368583901
310,31.0,36.3,0,0,0,0,0,159,Early discontinuation,0,0.4796737974565333,1.921871309020734
311,30.9,29.1,0,1,0,0,0,145,Early discontinuation,0,0.5095632659759948,2.038998979124295
312,37.5,41.8,0,0,0,0,1,52,Late discontinuation,0,0.5424832836591875,1.8433747732367827
313,36.1,32.4,1,0,0,0,1,44,Late discontinuation,0,0.6720181634145983,1.4880550176187053
314,36.1,34.0,0,0,1,0,0,162,Early discontinuation,0,0.46870326706433163,1.8821873691459048
315,38.5,35.0,0,0,1,0,1,33,Late discontinuation,1,0.48519312738415793,2.0610349643477885
316,32.1,33.5,1,1,0,0,1,5,Late discontinuation,0,0.7286575337591347,1.372386826004547
317,35.4,36.0,1,0,0,1,1,58,Late discontinuation,0,0.7833528582164331,1.2765639258364834
318,30.4,27.3,1,0,0,0,1,32,Late discontinuation,1,0.6199660333315431,1.6129915934688372
319,33.6,27.7,0,0,1,0,0,109,Early discontinuation,0,0.4179813801616552,1.7181580896462543
320,31.3,24.4,1,0,1,0,1,14,Late discontinuation,0,0.588955102651083,1.6979222957720668
321,32.5,33.6,1,1,0,0,1,13,Late discontinuation,0,0.7304889469054898,1.3689461069003408
322,35.0,35.7,1,0,0,0,0,96,Early discontinuation,0,0.6867230846713814,3.1920641166650547
323,27.9,33.7,1,0,0,0,1,4,Late discontinuation,0,0.6489032503003854,1.5410617831503965
324,42.5,41.0,0,0,0,0,1,51,Late discontinuation,0,0.5579934490837898,1.792135735001859
325,27.0,31.0,0,0,0,0,0,130,Early discontinuation,0,0.42896183552730993,1.7511964387238868
326,25.9,35.0,0,1,0,0,1,25,Late discontinuation,0,0.5270517034654062,1.8973470599277484
327,37.8,24.4,0,0,0,0,0,94,Early discontinuation,0,0.4310663699206192,1.7576742648531332
328,36.0,28.7,1,0,0,0,1,16,Late discontinuation,0,0.650073039859959,1.5382886824770081
329,35.1,35.2,0,0,0,0,1,42,Late discontinuation,0,0.4896243002913724,2.042382290676558
330,35.1,36.1,1,0,0,0,1,46,Late discontinuation,0,0.6893161285697007,1.4507131902962347
331,31.9,29.2,1,0,0,0,1,51,Late discontinuation,1,0.6373552954983622,1.5689835905702765
332,27.5,30.6,0,0,0,0,0,120,Early discontinuation,0,0.4284571800955878,1.7496501839831446
333,32.4,21.9,0,0,0,0,0,72,Early discontinuation,0,0.39347062395062943,1.6487247600660342
334,28.6,28.9,1,0,0,0,1,37,Late discontinuation,1,0.6226910367026725,1.60593286406576
335,36.9,36.3,1,0,0,0,1,52,Late discontinuation,0,0.6968176215375326,1.4350957396764645
336,31.3,34.5,0,1,0,0,0,141,Early discontinuation,0,0.5462372878717786,2.2037950084303675
337,27.9,34.0,0,0,0,0,0,64,Early discontinuation,0,0.45190426417444224,1.8244987775607682
338,30.4,31.3,0,0,0,0,1,32,Late discontinuation,0,0.4448501731531538,2.247947871778659
339,34.1,31.0,1,0,0,0,1,28,Late discontinuation,1,0.6564447615008786,1.5233574226620765
340,29.2,27.0,0,0,0,0,0,103,Early discontinuation,0,0.41254533277451233,1.7022590095724979
341,27.9,35.2,1,0,0,0,1,45,Late discontinuation,0,0.6577449618973981,1.5203461188289429
342,33.2,33.5,0,1,0,0,1,33,Late discontinuation,0,0.5476506357734902,1.8259816289405402
343,33.2,34.0,0,0,0,0,1,33,Late discontinuation,1,0.4739062209596886,2.1101221207329584
344,29.5,27.8,0,0,0,0,0,158,Early discontinuation,0,0.4188193242959513,1.720635323582617
345,29.6,18.1,0,0,0,1,0,163,Early discontinuation,0,0.4769103902726491,1.9117183392750396
346,33.2,37.6,0,0,0,0,0,111,Early discontinuation,0,0.4973060815578608,1.9892820726756046
347,24.8,28.1,0,0,0,0,1,49,Late discontinuation,0,0.40171992725750827,2.489296477839362
348,25.0,25.8,0,0,0,0,1,8,Late discontinuation,0,0.38821441269412893,2.5758961215793192
349,28.4,35.2,0,0,1,0,1,25,Late discontinuation,1,0.4445517932859267,2.2494566777212848
350,30.9,28.6,0,0,0,0,0,99,Early discontinuation,1,0.42961521735839847,1.7532024528577668
351,33.6,37.4,1,0,0,1,0,83,Early discontinuation,1,0.7844331153132039,4.638931445583266
352,39.4,34.7,0,0,0,0,1,46,Late discontinuation,0,0.5043218475513955,1.982860756192185
353,36.3,35.1,0,0,1,0,1,4,Late discontinuation,1,0.4766714435932183,2.097881073936075
354,31.2,22.8,1,0,0,0,0,95,Early discontinuation,1,0.5952341685735448,2.47056426792709
355,31.9,38.3,1,0,0,0,1,19,Late discontinuation,0,0.69013316417097,1.4489957183861188
356,27.0,32.6,0,0,0,0,1,4,Late discontinuation,0,0.4391909465226997,2.276913966277114
357,31.9,28.8,1,0,0,0,1,9,Late discontinuation,0,0.6349456625295679,1.5749379183347558
358,30.6,31.9,1,0,0,0,1,15,Late discontinuation,0,0.6485027762670978,1.5420134448092655
359,33.6,20.3,1,0,0,0,1,24,Late discontinuation,1,0.5892003243637033,1.6972156304902457
360,27.9,33.5,0,0,0,0,1,43,Late discontinuation,0,0.4486831549501344,2.228744246284748
361,34.6,24.8,1,0,0,1,1,24,Late discontinuation,1,0.7271995062347906,1.3751384474635913
362,39.7,22.9,0,0,0,0,0,161,Early discontinuation,0,0.42927465960311295,1.7521562986928036
363,31.5,21.9,1,0,0,0,1,13,Late discontinuation,0,0.5907901075029156,1.6926485181457864
364,34.0,37.7,1,1,0,0,0,147,Early discontinuation,1,0.7556288096802842,4.092135405534833
365,35.5,27.2,0,0,0,0,0,99,Early discontinuation,0,0.43953776241741804,1.7842415294797696
366,30.0,40.2,1,0,0,1,0,88,Early discontinuation,0,0.7865818942408516,4.685638064506782
367,33.1,27.8,0,0,0,0,1,29,Late discontinuation,0,0.4335203694869167,2.3066966869019963
368,32.1,20.8,1,0,0,0,1,18,Late discontinuation,0,0.586283802740327,1.7056585826283068
369,32.5,24.3,0,0,0,0,0,143,Early discontinuation,0,0.40887598852138807,1.6916924039316952
370,28.1,38.4,0,0,0,0,0,173,Early discontinuation,1,0.48122771772720374,1.9276280444647007
371,32.1,30.1,0,0,0,0,1,19,Late discontinuation,0,0.44414853925328,2.251499018056525
372,34.5,27.7,1,0,0,0,0,122,Early discontinuation,0,0.6383671721202088,2.765235683560248
373,39.3,32.0,0,0,0,0,0,154,Early discontinuation,0,0.4863401851694395,1.9468137688167553
374,36.8,34.0,0,0,0,0,1,14,Late discontinuation,0,0.4889142407087352,2.0453484818736096
375,42.8,37.7,0,0,1,0,1,10,Late discontinuation,1,0.5206970522890128,1.9205025179304267
376,28.2,39.7,1,0,0,0,1,53,Late discontinuation,0,0.6846854589095636,1.4605246642635135
377,36.4,28.8,0,0,0,0,1,33,Late discontinuation,0,0.4535427832884946,2.204863657512788
378,32.9,23.0,0,0,0,0,0,111,Early discontinuation,0,0.40232954891859835,1.6731628578770104
379,42.9,28.5,0,0,0,0,1,23,Late discontinuation,0,0.47860687684416525,2.0893974750087025
380,28.0,32.6,0,0,0,0,1,5,Late discontinuation,0,0.4433082607434575,2.2557666719833582
381,27.8,25.2,0,0,0,0,1,16,Late discontinuation,0,0.3956364945247936,2.5275726932145597
382,29.0,25.3,0,0,0,0,0,86,Early discontinuation,0,0.40106310091255204,1.6696249663756226
383,21.4,33.1,1,1,1,1,1,49,Late discontinuation,1,0.7712519194181108,1.2965932075144444
384,29.4,30.7,0,1,0,0,0,160,Early discontinuation,0,0.5137089967137396,2.056381864443705
385,28.2,31.2,0,0,0,0,0,128,Early discontinuation,0,0.4351565041535048,1.770401903099483
386,32.8,26.4,0,0,1,0,0,133,Early discontinuation,1,0.4065467465625682,1.6850526881565586
387,33.7,29.6,1,0,0,1,0,68,Early discontinuation,1,0.7484487271573413,3.9753326973840606
388,41.4,25.5,1,0,0,0,1,9,Late discontinuation,0,0.6516400567737467,1.5345895170271981
389,36.8,36.3,1,0,0,0,0,153,Early discontinuation,0,0.6964646983311585,3.2945097143626643
390,29.1,37.2,0,0,0,0,0,83,Early discontinuation,0,0.47760101832871643,1.9142456916756474
391,27.5,19.9,0,1,0,0,0,130,Early discontinuation,0,0.43586454579808404,1.7726239195774407
392,34.5,25.4,0,0,0,0,1,30,Late discontinuation,0,0.423948451194923,2.3587773399842424
393,25.4,22.0,0,0,0,0,1,28,Late discontinuation,0,0.36655058952946495,2.7281363843492485
394,41.2,27.1,0,0,1,0,0,160,Early discontinuation,0,0.4452795891590005,1.8027099426248292
395,37.9,30.5,1,1,1,0,1,42,Late discontinuation,1,0.7185524437299317,1.3916868681276806
396,29.7,22.3,1,0,1,0,0,81,Early discontinuation,0,0.5691226904658206,2.320846277751544
397,23.4,25.5,1,0,0,0,1,32,Late discontinuation,0,0.5807023990884831,1.722052468819967
398,38.8,25.0,0,0,0,0,0,69,Early discontinuation,0,0.43900872033429694,1.7825589028690498
399,31.4,32.2,1,1,0,0,1,45,Late discontinuation,1,0.7195636350145455,1.389731152797606
400,38.2,31.4,0,0,0,0,1,60,Late discontinuation,0,0.47785487658046905,2.092685560009355
401,24.0,26.7,0,1,1,1,1,0,Late discontinuation,0,0.5688686383437128,1.7578750744838842
402,29.0,32.1,1,0,0,0,1,20,Late discontinuation,0,0.6435830514115224,1.5538010172995933
403,32.0,27.7,0,0,1,0,0,160,Early discontinuation,0,0.4114957563186577,1.6992230909748043
404,32.2,29.4,0,0,0,0,0,168,Early discontinuation,0,0.4400669419252714,1.7859277740064066
405,29.7,41.0,0,0,1,0,1,8,Late discontinuation,0,0.48749084785299335,2.0513205620253157
406,35.1,39.0,1,0,1,0,1,55,Late discontinuation,0,0.6906349561678529,1.4479429271126534
407,26.7,23.2,1,1,0,0,1,0,Late discontinuation,1,0.6523926047042603,1.53281933729662
408,31.3,36.0,0,0,0,0,1,20,Late discontinuation,0,0.47897552426059564,2.087789353211149
409,32.6,35.9,1,0,0,0,0,128,Early discontinuation,0,0.679171953102252,3.1169344752415387
410,34.6,24.1,0,0,0,0,0,108,Early discontinuation,0,0.4161133133968729,1.7126610743904642
411,35.6,35.9,0,0,0,0,1,3,Late discontinuation,0,0.4962649520163138,2.0150526365745183
412,26.4,40.2,1,0,0,0,1,0,Late discontinuation,0,0.6809936762591159,1.4684424171062394
413,24.3,24.3,1,0,1,0,0,140,Early discontinuation,0,0.5597494873433857,2.2714340386923704
414,38.4,25.5,1,0,0,0,0,113,Early discontinuation,0,0.6401824958792177,2.779186639192304
415,33.7,37.1,0,0,0,0,1,14,Late discontinuation,0,0.4961403499588152,2.0155587024579042
416,28.3,32.6,1,1,0,0,1,51,Late discontinuation,0,0.711142396402521,1.4061881348359095
417,39.8,34.3,1,0,0,0,1,35,Late discontinuation,0,0.6960517588958716,1.4366747691095179
418,32.6,33.0,1,1,0,0,1,28,Late discontinuation,0,0.7277345773979007,1.3741273687662552
419,37.9,33.3,0,0,0,1,0,125,Early discontinuation,0,0.608683832696038,2.5554783664821894
420,32.3,23.0,1,0,0,0,1,45,Late discontinuation,0,0.6009011547154307,1.6641672131143947
421,42.3,37.3,1,0,0,0,1,4,Late discontinuation,0,0.7207922740476529,1.3873622623400763
422,40.8,38.0,0,0,0,0,1,28,Late discontinuation,0,0.5315963679479617,1.8811264716878024
423,30.8,29.6,0,1,0,0,0,128,Early discontinuation,0,0.5123976652153395,2.0508515416392115
424,36.9,30.7,0,0,0,0,0,123,Early discontinuation,0,0.4679025233000478,1.8793548997863343
425,35.2,21.8,1,0,0,0,0,122,Early discontinuation,0,0.6050184011746027,2.5317635124618874
426,38.8,34.1,1,1,0,0,1,24,Late discontinuation,0,0.7531209507029462,1.3278079690474982
427,27.2,34.4,1,0,1,0,1,15,Late discontinuation,0,0.6344695310999044,1.576119815031021
428,35.4,30.6,1,0,0,1,0,131,Early discontinuation,1,0.7585546903943756,4.141724689675667
429,37.3,37.7,0,0,0,0,1,35,Late discontinuation,0,0.5150695656468665,1.9414853190638788
430,23.2,29.0,0,1,0,0,0,105,Early discontinuation,0,0.4767831336986342,1.9112533719889937
431,26.1,34.4,0,0,0,0,0,112,Early discontinuation,0,0.4470421212745251,1.8084560117036808
432,21.8,24.9,0,0,1,0,0,176,Early discontinuation,0,0.3541154117447018,1.548264222717033
433,30.7,30.9,0,0,0,0,0,134,Early discontinuation,0,0.4435168752918765,1.7969996853444605
434,35.6,30.0,0,1,0,0,0,125,Early discontinuation,1,0.5349854686820039,2.150470431893146
435,39.5,32.4,0,0,0,0,1,19,Late discontinuation,0,0.4897758248443351,2.0417504280000527
436,32.4,28.8,0,0,0,0,1,4,Late discontinuation,0,0.4370443667733966,2.2880972185565103
437,40.1,30.2,0,0,0,0,0,82,Early discontinuation,0,0.47797924275944514,1.9156326374569532
438,25.1,36.0,0,1,0,0,0,156,Early discontinuation,1,0.5302078712819408,2.1286010106826194
439,23.5,28.4,0,1,0,0,1,47,Late discontinuation,1,0.4741380936589221,2.109090185694643
440,31.7,21.4,1,1,0,0,0,95,Early discontinuation,0,0.6606574388188053,2.9468746759002684
441,33.9,41.5,1,0,0,0,0,141,Early discontinuation,0,0.7145172536530674,3.502838657663574
442,31.8,39.3,1,0,0,0,0,136,Early discontinuation,0,0.6953174556024182,3.282104663978042
443,21.7,23.2,0,0,0,0,0,84,Early discontinuation,0,0.3594845848244778,1.5612426747386983
444,31.6,35.1,1,1,0,0,1,1,Late discontinuation,0,0.7351895436557745,1.3601934475665138
445,25.5,28.0,1,0,0,0,1,15,Late discontinuation,1,0.604868572329377,1.6532517074725068
446,35.3,32.6,1,0,0,0,0,90,Early discontinuation,0,0.6702182726814027,3.032308697424932
447,33.8,32.8,0,0,0,0,0,144,Early discontinuation,0,0.4686209213278834,1.8818956939346163
448,27.3,29.6,1,0,0,0,1,15,Late discontinuation,0,0.6218703515705644,1.6080522209725074
449,29.4,26.3,1,0,0,0,1,34,Late discontinuation,0,0.6098490979192179,1.6397499043812023
450,26.7,26.9,1,0,0,0,1,46,Late discontinuation,0,0.6028139672288026,1.6588865792163079
451,31.7,25.5,1,0,1,0,1,42,Late discontinuation,0,0.5974752499015717,1.6737094970289401
452,36.8,26.0,0,0,0,0,1,41,Late discontinuation,0,0.43719355810896054,2.2873164104370742
453,27.1,30.6,0,0,0,0,0,162,Early discontinuation,0,0.4268221658469904,1.7446592321172183
454,34.5,26.7,0,0,0,0,1,3,Late discontinuation,0,0.43223179323585764,2.3135734475097394
455,29.3,35.1,1,0,1,0,0,120,Early discontinuation,1,0.6467372042397055,2.830753795762142
456,28.0,39.9,0,0,0,0,1,3,Late discontinuation,0,0.49056233050312675,2.038476943336411
457,31.5,27.5,0,0,1,0,0,90,Early discontinuation,0,0.4082171183602385,1.6898089333525776
458,26.8,32.4,0,0,1,0,0,72,Early discontinuation,0,0.4201148400589539,1.7244793781266357
459,29.2,34.0,0,0,0,1,0,109,Early discontinuation,0,0.578035018994832,2.369864905893109
460,26.0,33.8,0,0,1,0,0,155,Early discontinuation,1,0.4257468840619499,1.7413923795023498
461,41.8,31.5,1,0,0,1,1,23,Late discontinuation,1,0.7816102634051488,1.2794100165003188
462,32.2,35.5,1,0,0,0,1,10,Late discontinuation,0,0.6754366430870169,1.480523762272651
463,28.5,33.9,0,1,0,0,1,24,Late discontinuation,0,0.5307370879750638,1.8841720743792905
464,33.1,23.6,0,0,0,0,0,62,Early discontinuation,0,0.4068959615659358,1.6860448339556715
465,31.4,36.2,0,0,0,1,1,6,Late discontinuation,1,0.60077841373501,1.66450720787894
466,30.9,36.3,1,0,0,0,0,157,Early discontinuation,0,0.6752417341316602,3.0792133876136965
467,35.1,26.4,0,0,0,0,1,35,Late discontinuation,0,0.4327747401779444,2.310670903733497
468,35.8,31.2,0,0,0,0,0,158,Early discontinuation,0,0.4665690683750532,1.8746569437842349
469,29.3,35.1,0,0,0,0,0,140,Early discontinuation,0,0.46481551634339774,1.8685145600029087
470,29.1,29.7,1,0,0,0,0,114,Early discontinuation,0,0.6295197267236367,2.699199045488828
471,30.6,37.4,1,0,0,0,1,30,Late discontinuation,0,0.6803995255592424,1.469724716780288
472,20.5,45.2,1,1,0,0,0,112,Early discontinuation,0,0.7499994426315669,3.999991082124953
473,24.4,26.3,1,0,0,0,1,17,Late discontinuation,1,0.5898096018896042,1.6954623946376037
474,38.8,22.7,0,0,0,0,1,48,Late discontinuation,0,0.4243243392177781,2.3566878153712625
475,40.2,32.8,0,0,0,0,1,5,Late discontinuation,1,0.49529964249843417,2.018979854206459
476,30.8,35.3,0,0,0,1,0,132,Early discontinuation,0,0.592730823270472,2.4553785484829636
477,34.9,29.6,0,1,0,0,0,111,Early discontinuation,0,0.5294833844183029,2.1253234569914294
478,33.6,39.7,0,0,1,1,1,37,Late discontinuation,1,0.6147280339831425,1.6267356370921955
479,47.4,23.0,0,1,0,0,0,157,Early discontinuation,1,0.5386842245374104,2.167712558707186
480,37.6,35.2,0,0,1,0,1,11,Late discontinuation,0,0.48273948442061854,2.0715106848991125
481,31.4,27.4,1,0,0,0,0,121,Early discontinuation,0,0.6245032219139468,2.6631386961483554
482,27.2,41.3,1,0,0,0,1,49,Late discontinuation,0,0.6900452446097243,1.4491803368133924
483,24.0,43.0,1,0,0,0,0,97,Early discontinuation,0,0.6880751105294209,3.205899989889459
484,33.0,26.4,1,0,0,0,1,24,Late discontinuation,0,0.6246658788883614,1.6008558075551893
485,28.2,27.7,0,0,0,0,0,155,Early discontinuation,0,0.4129133691960311,1.7033261320064108
486,24.9,36.2,1,0,0,0,0,157,Early discontinuation,0,0.6523052045979051,2.876085616534871
487,28.8,28.7,0,0,0,0,0,71,Early discontinuation,0,0.42167809061955586,1.7291407843622928
488,26.6,30.7,1,1,0,0,1,22,Late discontinuation,0,0.6948938239508324,1.439068769261008
489,40.4,31.2,0,0,0,0,0,101,Early discontinuation,0,0.4857279060214197,1.9444959423399133
490,36.4,19.5,1,0,0,0,1,5,Late discontinuation,0,0.5954638034922317,1.679363202490688
491,32.0,30.9,0,0,0,0,1,1,Late discontinuation,0,0.448881455796053,2.2277596614602517
492,39.4,26.9,0,0,0,0,0,73,Early discontinuation,0,0.45370389168071057,1.8305091044425632
493,32.4,28.0,1,0,0,0,1,8,Late discontinuation,0,0.6320501822390137,1.582152854473577
494,27.7,39.7,0,1,0,0,1,2,Late discontinuation,0,0.5648072508906666,1.7705155137846778
495,39.6,23.5,1,1,0,0,1,15,Late discontinuation,0,0.7011562144821261,1.426215698221544
496,34.7,35.9,1,0,1,0,1,24,Late discontinuation,0,0.6716656715177663,1.488835952774384
497,26.8,29.3,1,1,0,0,0,104,Early discontinuation,0,0.6878318803127057,3.2034020674555816
498,31.0,29.3,1,0,0,0,0,74,Early discontinuation,0,0.6344780526553632,2.735813833518286
499,27.6,35.7,1,0,0,0,1,28,Late discontinuation,0,0.6595443137890105,1.5161983495166664
500,25.1,33.0,0,0,0,0,0,119,Early discontinuation,0,0.43394693174444154,1.7666188138185759
501,36.6,34.4,1,0,0,0,0,116,Early discontinuation,1,0.6851905546148556,3.1765247665189307
502,41.5,36.8,1,0,0,0,1,39,Late discontinuation,0,0.7154539059897059,1.3977140828054802
503,25.0,29.0,1,0,0,0,1,25,Late discontinuation,1,0.6090853080620721,1.6418061423640344
504,34.8,27.3,0,0,0,0,1,37,Late discontinuation,0,0.4373003954921449,2.286757593426331
505,28.7,24.5,1,0,0,0,1,34,Late discontinuation,0,0.595835074581376,1.6783167736518092
506,29.6,26.0,1,0,0,1,1,22,Late discontinuation,0,0.7167083233113326,1.3952677365037487
507,29.0,48.7,1,1,0,0,0,135,Early discontinuation,0,0.791113481584576,4.787288368755543
508,27.7,38.5,0,0,0,0,0,128,Early discontinuation,1,0.48020989611283427,1.9238534795519628
509,32.2,22.9,0,0,0,0,0,103,Early discontinuation,0,0.3988976013342193,1.6636100641415186
510,27.8,23.1,0,0,0,0,0,133,Early discontinuation,0,0.38264537253187203,1.6198145369075196
511,33.4,33.9,1,0,0,0,1,52,Late discontinuation,0,0.6706831841700488,1.4910169564448992
512,31.7,34.3,1,0,0,0,0,151,Early discontinuation,0,0.6667000080322715,3.0003001023079054
513,30.8,34.3,0,0,1,0,0,66,Early discontinuation,0,0.4486683534482273,1.8137903134245263
514,27.5,29.5,0,0,0,0,0,75,Early discontinuation,0,0.4214613200097482,1.7284928987234691
515,29.1,30.2,0,0,0,0,1,6,Late discontinuation,0,0.4324556304200297,2.312375951791247
516,35.8,33.0,0,0,0,0,0,91,Early discontinuation,0,0.47824464237088393,1.9166070561192756
517,34.5,31.5,1,0,0,0,1,41,Late discontinuation,0,0.6608722558058384,1.5131517342646563
518,27.1,17.7,1,0,0,0,1,50,Late discontinuation,0,0.5459804667519017,1.8315673561530705
519,32.5,29.6,0,0,0,0,0,66,Early discontinuation,0,0.44258557249711244,1.7939973396092617
520,35.8,25.9,0,1,0,0,0,93,Early discontinuation,0,0.5091998551757607,2.0374892113328746
521,23.7,32.1,0,0,0,0,1,46,Late discontinuation,1,0.42248778975600876,2.36693230963553
522,34.7,48.9,1,1,0,0,0,81,Early discontinuation,1,0.8072197644938869,5.187253752308492
523,28.7,33.2,0,0,0,0,0,114,Early discontinuation,0,0.450056942924512,1.8183700787456891
524,34.9,29.1,0,1,0,0,1,37,Late discontinuation,1,0.5262402252039966,1.9002728261838038
525,28.2,36.5,0,0,0,0,1,53,Late discontinuation,0,0.469312571352241,2.13077607769738
526,23.0,33.9,1,0,0,0,1,12,Late discontinuation,0,0.6312533392631023,1.5841500358118603
527,23.9,33.5,1,1,0,0,1,41,Late discontinuation,0,0.7007522849372819,1.4270378013672849
528,32.2,34.6,1,0,0,0,0,160,Early discontinuation,1,0.6702807315269969,3.032883108807086
529,33.3,43.3,0,0,0,0,1,23,Late discontinuation,0,0.534754724775473,1.8700162030730427
530,27.5,24.2,0,0,0,0,0,118,Early discontinuation,0,0.3882400440873597,1.6346280764784162
531,35.2,33.8,0,0,0,1,1,29,Late discontinuation,0,0.6010174836487573,1.6638451080142178
532,23.7,25.4,1,1,0,0,1,5,Late discontinuation,0,0.6540140563076026,1.5290191248269895
533,31.7,34.3,0,0,0,0,0,106,Early discontinuation,0,0.46960949282170056,1.8854032763897743
534,25.9,25.5,1,0,0,0,1,32,Late discontinuation,0,0.5908323372993624,1.692527535934989
535,28.7,28.5,1,0,0,0,1,43,Late discontinuation,0,0.6206352965144235,1.6112522210969031
536,32.2,29.2,1,0,0,0,0,176,Early discontinuation,1,0.6385124703787982,2.766347157391259
537,27.7,36.9,0,0,0,0,0,120,Early discontinuation,0,0.4698257908852352,1.8861724746469775
538,30.1,36.5,0,0,0,0,0,164,Early discontinuation,0,0.4772221922369224,1.9128585512818843
539,37.0,23.5,0,0,0,1,0,71,Early discontinuation,0,0.5428190179553469,2.1873175816012607
540,29.1,31.3,1,0,0,0,0,107,Early discontinuation,0,0.6391781534322043,2.771450812948787
541,36.2,26.7,1,1,1,0,1,14,Late discontinuation,1,0.6921101881532937,1.4448566386058062
542,26.4,23.4,0,0,0,1,0,175,Early discontinuation,0,0.49801871742717574,1.9921061496051427
543,34.6,29.7,0,0,1,0,0,164,Early discontinuation,0,0.43479514056120283,1.7692699970642844
544,39.2,29.1,1,0,1,0,0,137,Early discontinuation,0,0.6488299184628409,2.847622996875902
545,19.6,45.6,1,0,0,0,1,35,Late discontinuation,0,0.6868264203536022,1.455971946281806
546,28.0,33.6,0,0,1,0,0,82,Early discontinuation,0,0.43265408775329117,1.7625931172042228
547,34.9,22.7,1,1,0,1,1,0,Late discontinuation,0,0.7754736602503136,1.2895344500510977
548,31.0,27.6,0,0,0,0,0,77,Early discontinuation,0,0.4236573394321247,1.7350789181815753
549,33.9,37.1,0,1,0,0,1,2,Late discontinuation,0,0.5736030637053658,1.7433658626929076
550,29.0,43.5,1,0,0,0,1,13,Late discontinuation,0,0.7084046237429611,1.4116226327213273
551,32.4,21.5,1,0,0,0,0,92,Early discontinuation,0,0.591906424471939,2.4504183843277354
552,31.2,19.7,1,0,0,0,0,75,Early discontinuation,0,0.5756558070709874,2.3565775534656304
553,37.8,42.2,0,0,0,0,1,46,Late discontinuation,0,0.5463079832610167,1.8304693151851983
554,33.3,33.3,1,0,0,0,1,5,Late discontinuation,0,0.6668541372037092,1.499578309873366
555,33.7,25.8,0,1,0,0,0,150,Early discontinuation,0,0.49978277953594075,1.9991314954576824
556,29.9,34.2,0,0,1,0,0,110,Early discontinuation,0,0.44431073395676024,1.7995668822621942
557,29.6,15.2,0,1,0,0,1,50,Late discontinuation,0,0.4145429879937035,2.412295054946603
558,29.8,31.0,0,0,0,0,1,40,Late discontinuation,0,0.44045188539890756,2.2703955486405105
559,34.0,33.0,1,0,0,1,1,39,Late discontinuation,1,0.7656402088251434,1.3060965039107286
560,29.9,36.5,1,0,0,1,1,28,Late discontinuation,0,0.7696749662102267,1.2992497403467103
561,33.4,24.9,0,0,0,0,0,161,Early discontinuation,0,0.4163030889020906,1.713217906394334
562,42.4,31.5,0,1,0,0,0,98,Early discontinuation,1,0.5726740600650881,2.3401340909758837
563,36.4,25.4,0,0,0,0,1,39,Late discontinuation,0,0.4317154852967314,2.3163403539084753
564,30.4,32.5,0,0,0,0,1,47,Late discontinuation,0,0.4525757154338773,2.209575029984354
565,38.0,25.6,1,0,1,0,0,87,Early discontinuation,0,0.6231096962185687,2.653291925970923
566,30.0,28.6,1,0,0,0,1,14,Late discontinuation,0,0.6263425886426025,1.5965703404700302
567,21.8,25.0,0,0,0,0,0,92,Early discontinuation,0,0.37073037514655305,1.5891439225799178
568,27.0,34.9,0,0,0,0,1,14,Late discontinuation,0,0.4539840833888682,2.2027203961321087
569,22.6,36.2,1,0,0,1,1,15,Late discontinuation,0,0.7458802610985775,1.3406977663239668
570,30.2,29.6,1,0,0,0,1,56,Late discontinuation,0,0.6331894786366684,1.5793060904188079
571,32.1,31.2,0,0,0,0,1,32,Late discontinuation,0,0.4512272697684112,2.2161781146632427
572,40.4,22.3,0,0,0,0,0,149,Early discontinuation,0,0.4283131241994548,1.7492093002829194
573,33.6,29.2,1,0,0,0,0,173,Early discontinuation,0,0.6438912201260197,2.808130707571658
574,30.9,30.7,0,0,0,0,1,36,Late discontinuation,0,0.4430565618359067,2.257048165264205
575,36.1,46.7,0,0,0,0,0,142,Early discontinuation,0,0.5681954095270098,2.315862364743783
576,20.9,24.3,1,0,0,0,0,82,Early discontinuation,0,0.5628351065512458,2.2874663885086717
577,33.2,39.8,1,0,0,0,1,35,Late discontinuation,1,0.7029720932415907,1.4225315764509725
578,35.9,37.0,1,0,0,0,1,3,Late discontinuation,0,0.6971383078323095,1.4344355901333445
579,24.6,32.7,1,0,0,0,1,10,Late discontinuation,0,0.6302025561217788,1.586791405851998
580,37.7,41.6,1,0,0,0,1,40,Late discontinuation,0,0.7277997387204632,1.3740043404770783
581,33.7,33.2,0,0,0,0,0,127,Early discontinuation,0,0.4707980182717897,1.8896376705436906
582,29.9,33.3,0,1,0,0,0,157,Early discontinuation,0,0.5326703274974389,2.1398170474495597
583,35.2,30.7,0,0,0,0,1,31,Late discontinuation,0,0.4608412134886289,2.169944811207027
584,43.4,38.3,0,0,0,0,0,103,Early discontinuation,0,0.5443287462417638,2.1945645939968954
585,32.9,37.6,1,0,1,1,1,15,Late discontinuation,1,0.7713403058714325,1.2964446333064832
586,33.2,27.2,1,0,0,1,1,8,Late discontinuation,1,0.7348835853000009,1.3607597448128752
587,29.7,23.1,1,0,0,0,1,10,Late discontinuation,0,0.5910733092287567,1.6918375172528402
588,27.8,29.8,1,0,0,0,1,5,Late discontinuation,0,0.6250525183957311,1.5998655642034922
589,36.2,26.2,0,0,0,0,1,58,Late discontinuation,0,0.4360092314864525,2.2935294204454744
590,27.7,30.6,0,0,0,1,1,48,Late discontinuation,1,0.5501243736501856,1.8177707585737373
591,32.4,38.4,1,0,0,0,1,26,Late discontinuation,0,0.692470475815541,1.4441048895583213
592,29.6,28.3,1,0,0,0,0,69,Early discontinuation,0,0.622945735675465,2.6521381525585617
593,34.4,30.7,1,0,0,0,1,11,Late discontinuation,0,0.6558134942244546,1.5248237628635106
594,33.7,31.3,1,0,0,0,0,152,Early discontinuation,0,0.6566990828990334,2.9128963838622512
595,37.2,36.1,1,0,0,0,1,39,Late discontinuation,0,0.6967763689383315,1.4351807044255622
596,29.4,17.5,1,0,0,0,0,84,Early discontinuation,0,0.5541981107759182,2.2431488608998493
597,30.7,27.4,0,1,0,0,1,36,Late discontinuation,0,0.4976683264188707,2.0093703917141266
598,27.1,32.3,1,0,0,0,0,134,Early discontinuation,0,0.637475829800171,2.7584367669851764
599,29.8,38.2,1,0,0,0,1,32,Late discontinuation,0,0.6820197778620591,1.466233139359565
600,33.9,28.0,0,0,0,0,0,82,Early discontinuation,0,0.43808511627923974,1.7796289597784407
601,35.8,19.7,1,1,0,0,1,55,Late discontinuation,0,0.6660671427315619,1.501350143018569
602,27.4,34.7,0,0,0,1,1,28,Late discontinuation,0,0.5751441062799543,1.7386946837863362
603,36.3,27.2,1,0,0,0,0,146,Early discontinuation,0,0.6422931410603253,2.7955851977908104
604,38.8,23.9,0,0,0,0,0,97,Early discontinuation,0,0.4319707876652134,1.7604728388698034
605,34.1,27.3,1,0,1,0,1,9,Late discontinuation,0,0.6181924696961623,1.6176191866126965
606,41.4,29.9,0,1,0,0,0,99,Early discontinuation,1,0.5583400307065803,2.26418527719374
607,28.1,27.4,1,0,0,0,1,46,Late discontinuation,0,0.6114940766652072,1.6353388171043555
608,25.8,17.8,0,0,0,0,0,134,Early discontinuation,0,0.34306309854631895,1.5222162094824985
609,23.1,36.4,0,1,0,0,0,134,Early discontinuation,0,0.5244777790616748,2.102951147113058
610,39.5,38.6,0,0,0,0,0,150,Early discontinuation,1,0.5300786165312169,2.1280155259553752
611,35.3,34.9,1,0,0,0,0,149,Early discontinuation,0,0.6833115996740198,3.157678017163431
612,31.7,24.2,0,0,0,0,0,113,Early discontinuation,0,0.4050235812726042,1.6807388806079329
613,33.4,29.8,0,0,0,1,1,40,Late discontinuation,0,0.5684529105136521,1.7591606648585956
614,26.4,31.0,1,0,0,0,1,44,Late discontinuation,0,0.6268908019729125,1.5951741465225857
615,44.2,34.6,0,0,0,0,1,2,Late discontinuation,0,0.5236934496021286,1.9095140501752332
616,32.6,35.0,1,0,0,0,0,75,Early discontinuation,1,0.6740467440990232,3.0679245624832654
617,32.5,26.6,0,0,0,0,0,120,Early discontinuation,1,0.423418973244221,1.7343616137122175
618,35.6,31.5,1,1,0,0,0,120,Early discontinuation,0,0.729920542467603,3.702614071934909
619,34.4,33.7,0,0,1,0,0,66,Early discontinuation,0,0.45970047340128184,1.8508252381696098
620,33.1,39.7,0,1,0,0,1,32,Late discontinuation,1,0.5868297659129948,1.7040717054360583
621,28.0,35.2,1,0,0,0,0,72,Early discontinuation,0,0.6581208056661801,2.9250098180106674
622,34.4,35.7,1,0,0,1,1,10,Late discontinuation,0,0.7791647408650324,1.2834256320297492
623,41.4,31.5,1,1,0,0,1,45,Late discontinuation,1,0.7485848560147719,1.33585390081718
624,38.7,39.5,0,0,0,0,1,9,Late discontinuation,0,0.5325846380427719,1.877635832071615
625,40.0,33.5,0,0,0,0,1,38,Late discontinuation,0,0.4990190907323336,2.003931349665308
626,29.4,25.8,0,0,0,1,0,157,Early discontinuation,1,0.5261355154823902,2.110307973424073
627,27.1,39.4,1,0,0,1,1,59,Late discontinuation,0,0.7747261679150017,1.2907786536903372
628,31.4,35.2,0,0,0,0,0,115,Early discontinuation,0,0.4741983209894761,1.9018577534439274
629,32.3,28.3,0,1,0,0,0,75,Early discontinuation,0,0.510202752875259,2.04166112788568
630,37.5,28.1,0,0,0,0,1,6,Late discontinuation,0,0.4535803536032201,2.2046810274211595
631,23.5,32.8,1,0,0,0,0,160,Early discontinuation,0,0.6265205474989334,2.67752347097902
632,39.6,33.8,0,0,0,0,0,129,Early discontinuation,0,0.4993010611732415,1.9972081473613819
633,31.2,32.2,1,0,0,0,1,10,Late discontinuation,0,0.6525557328101611,1.532436157895062
634,29.9,32.9,0,0,0,0,0,103,Early discontinuation,0,0.4530862586080666,1.8284418991830973
635,26.9,41.2,1,0,0,1,1,26,Late discontinuation,0,0.7822284203522795,1.2783989612006763
636,23.7,37.4,0,0,0,1,1,53,Late discontinuation,1,0.5772151281664792,1.732456325558366
637,36.1,32.1,1,0,0,0,0,158,Early discontinuation,0,0.6702949305127308,3.0330137220975084
638,32.4,36.6,1,1,0,0,0,176,Early discontinuation,0,0.7452644638676628,3.9256399604980583
639,25.6,24.8,0,0,0,0,0,84,Early discontinuation,0,0.38441974078615504,1.6244835422063337
640,25.5,33.4,1,0,1,0,1,9,Late discontinuation,0,0.6217596064919468,1.6083386401412234
641,30.3,41.9,0,0,0,0,0,176,Early discontinuation,0,0.5131737058122979,2.0541207653308007
642,40.3,29.7,1,0,0,0,1,14,Late discontinuation,0,0.6719892866592698,1.4881189623891238
643,30.7,25.9,1,0,0,0,1,29,Late discontinuation,0,0.6125342451595097,1.6325617839368156
644,24.5,27.1,0,1,0,0,0,111,Early discontinuation,0,0.46986802229754576,1.8863227310563546
645,30.8,24.5,0,0,0,0,0,120,Early discontinuation,0,0.40328440953746947,1.6758402427945158
646,30.6,26.3,0,1,0,0,1,23,Late discontinuation,0,0.49009490783102055,2.040421118484237
647,18.5,28.8,0,0,0,0,0,63,Early discontinuation,0,0.3810025620088588,1.6155155718339365
648,31.7,22.6,0,1,0,0,0,164,Early discontinuation,0,0.4706456687953141,1.8890938281816554
649,30.8,31.1,0,0,0,0,0,65,Early discontinuation,0,0.445214400573761,1.8024981200561139
650,35.5,36.4,0,1,0,0,0,88,Early discontinuation,0,0.5756810820876567,2.3567179255641437
651,41.2,25.6,1,0,0,0,1,35,Late discontinuation,0,0.6514726519558433,1.534983850815245
652,37.6,40.1,0,0,0,0,1,5,Late discontinuation,0,0.5318989495085352,1.8800563545462563
653,30.7,34.1,0,1,0,0,0,163,Early discontinuation,0,0.5411687476294983,2.1794504947812707
654,26.5,37.2,1,0,1,0,0,71,Early discontinuation,0,0.6485389084687574,2.8452651633306227
655,44.9,27.1,0,0,0,0,1,49,Late discontinuation,0,0.47784911479117537,2.092710793106752
656,32.3,36.1,0,0,0,0,1,47,Late discontinuation,1,0.4837944332547108,2.066993605677795
657,32.1,24.4,0,1,0,0,0,132,Early discontinuation,0,0.48399911275403357,1.9379811638256381
658,31.9,36.3,1,0,0,0,1,37,Late discontinuation,1,0.6788930951719162,1.4729859636394886
659,33.0,32.0,1,0,0,0,1,18,Late discontinuation,0,0.65816936688109,1.5193657595137937
660,31.3,34.3,0,0,0,0,0,143,Early discontinuation,1,0.46794601391600577,1.8795085201036952
661,29.1,23.9,1,0,0,0,0,108,Early discontinuation,0,0.5936813788538036,2.4611227444586956
662,29.3,25.6,0,1,0,0,1,29,Late discontinuation,0,0.48012203778011736,2.082803790102158
663,31.8,34.6,1,0,0,0,0,88,Early discontinuation,0,0.6688027528009108,3.0193487671075974
664,29.3,25.3,1,0,0,0,1,38,Late discontinuation,0,0.6032395732452476,1.6577161783672456
665,28.4,33.8,1,1,0,0,0,164,Early discontinuation,1,0.7178537389372751,3.544261037638513
666,32.5,22.8,0,0,0,0,1,11,Late discontinuation,0,0.3994749740027179,2.503285725210902
667,30.7,36.1,0,0,0,0,0,154,Early discontinuation,1,0.47712476610741783,1.9125021327849634
668,39.5,23.6,0,0,0,0,1,58,Late discontinuation,0,0.43292359485920423,2.3098764120842636
669,18.7,34.3,1,0,0,0,1,11,Late discontinuation,0,0.6168497392881324,1.6211403463573437
670,37.5,34.8,1,0,0,0,1,43,Late discontinuation,0,0.6906521371003836,1.4479069075184137
671,38.2,26.8,1,0,1,0,0,118,Early discontinuation,1,0.6311933726255021,2.711448021199924
672,21.6,34.5,1,0,0,1,1,3,Late discontinuation,0,0.7341566267128029,1.3621071629871608
673,30.3,32.6,0,0,0,0,0,128,Early discontinuation,0,0.45280678454258194,1.8275080387538518
674,30.1,27.8,1,0,0,0,1,49,Late discontinuation,0,0.6218498134004119,1.6081053309830222
675,25.0,24.9,1,0,0,0,0,127,Early discontinuation,0,0.5834036726498131,2.4004052228703627
676,28.1,19.2,1,0,0,0,0,109,Early discontinuation,1,0.5597585421522524,2.271480757148134
677,26.4,33.1,1,0,0,0,0,178,Early discontinuation,0,0.6395833469464329,2.7745665787850666
678,40.8,21.6,1,0,1,0,1,48,Late discontinuation,0,0.6095505733945584,1.6405529641798993
679,36.7,31.6,0,0,0,0,0,119,Early discontinuation,0,0.47290578379720744,1.8971940295684506
680,38.4,29.4,1,0,0,0,1,37,Late discontinuation,1,0.6632158807232159,1.5078046667241014
681,35.6,35.1,0,0,0,0,0,66,Early discontinuation,0,0.49106059911346145,1.9648704703508248
682,26.4,29.2,1,0,0,0,1,12,Late discontinuation,0,0.6158698208504156,1.6237197637305287
683,29.4,29.0,1,0,0,0,1,8,Late discontinuation,0,0.6264339801108129,1.5963374142365414
684,34.4,35.4,0,0,0,0,1,20,Late discontinuation,0,0.48800393561459826,2.049163801805384
685,25.9,33.0,1,0,0,0,1,40,Late discontinuation,0,0.637054756338124,1.5697237797079389
686,35.6,32.9,0,1,1,0,0,71,Early discontinuation,0,0.536518928269383,2.15758541393297
687,30.8,33.8,0,1,0,1,1,16,Late discontinuation,1,0.6558586077153444,1.5247188772645028
688,30.1,21.8,0,0,0,0,0,153,Early discontinuation,1,0.3837268801807976,1.622657175593465
689,35.6,35.5,1,0,1,0,1,15,Late discontinuation,0,0.6726835958077009,1.4865830031120137
690,34.2,34.7,1,0,0,0,1,58,Late discontinuation,0,0.6781881066212029,1.4745171586421566
691,30.2,24.9,1,0,1,0,1,27,Late discontinuation,0,0.5876576698692381,1.7016709749104675
692,37.8,29.5,0,0,1,0,1,50,Late discontinuation,0,0.4466837788363272,2.238720202925519
693,26.6,30.8,1,0,1,0,0,151,Early discontinuation,0,0.6100982972334973,2.564748994181392
694,35.1,30.2,1,0,0,0,1,15,Late discontinuation,0,0.6555147697227356,1.5255186399888014
695,35.0,33.0,0,0,0,0,0,74,Early discontinuation,0,0.47491199918230725,1.9044426809272939
696,30.5,39.6,0,0,0,0,0,160,Early discontinuation,0,0.4990466989146442,1.9961940520871293
697,33.6,37.5,0,0,1,0,1,51,Late discontinuation,0,0.48100689719509915,2.0789722680304816
698,25.7,23.1,1,0,0,0,1,45,Late discontinuation,0,0.5748346936548706,1.7396305599473745
699,36.6,34.7,1,0,0,0,1,13,Late discontinuation,0,0.6868723033154336,1.455874687584787
700,31.1,39.0,1,0,0,0,0,83,Early discontinuation,0,0.6911711665464486,3.2380396247891228
701,29.4,33.3,0,0,0,0,1,43,Late discontinuation,0,0.4535969004963696,2.2046006022212747
702,37.2,37.5,1,0,0,0,0,132,Early discontinuation,0,0.7044190282784523,3.3831677126430546
703,28.5,43.1,0,0,0,1,0,99,Early discontinuation,0,0.6317799479489914,2.715767363645564
704,25.0,37.1,0,0,0,0,1,44,Late discontinuation,0,0.45990422179628426,2.1743657757570065
705,24.2,32.5,1,0,0,0,1,47,Late discontinuation,0,0.627428481003772,1.5938071513747367
706,35.0,37.3,0,1,1,0,1,40,Late discontinuation,0,0.5623811597795189,1.7781534509300583
707,25.6,31.9,1,1,0,0,0,85,Early discontinuation,0,0.6979659841688117,3.310885355902814
708,40.8,31.1,0,0,0,0,1,53,Late discontinuation,1,0.4867464711389504,2.05445762690395
709,21.6,28.9,1,0,0,0,0,102,Early discontinuation,0,0.5948583675409886,2.4682726234045353
710,40.5,40.4,0,0,0,0,1,28,Late discontinuation,0,0.5458723831583416,1.8319300093808357
711,33.1,26.1,1,1,0,0,1,2,Late discontinuation,0,0.6925202604482791,1.4440010742107163
712,31.5,40.2,0,0,1,0,1,9,Late discontinuation,0,0.4897993817609985,2.0416522299490323
713,29.3,34.0,0,1,0,0,1,19,Late discontinuation,1,0.5347106122064288,1.8701704757150825
714,34.0,22.6,1,0,0,0,1,1,Late discontinuation,0,0.6052050311261206,1.6523325956812922
715,31.8,33.2,0,0,0,0,1,26,Late discontinuation,0,0.4629005928075729,2.160291033404873
716,37.5,18.4,1,1,0,0,1,31,Late discontinuation,0,0.6648551493613764,1.5040870194967213
717,32.6,34.8,1,0,0,0,0,99,Early discontinuation,0,0.6729020790556649,3.057188493014537
718,32.8,36.3,0,0,0,0,1,9,Late discontinuation,1,0.487180364721019,2.0526278816114525
719,30.2,27.4,0,0,0,0,0,78,Early discontinuation,0,0.4191307929504692,1.7215579477511016
720,31.7,31.7,1,0,0,0,1,16,Late discontinuation,0,0.6514977260479171,1.5349247741295275
721,33.5,42.7,1,0,0,1,1,57,Late discontinuation,1,0.8065830808038389,1.239797887904371
722,23.4,28.0,1,0,0,0,0,162,Early discontinuation,0,0.5964567160661899,2.4780489226628335
723,25.3,24.6,0,0,0,0,1,32,Late discontinuation,0,0.3820052721908649,2.61776491791548
724,35.7,39.9,1,0,0,0,0,177,Early discontinuation,0,0.7121488665966497,3.474017934814777
725,32.9,42.8,0,1,1,0,0,106,Early discontinuation,0,0.588775506984469,2.4317617675614285
726,31.1,31.0,1,0,0,0,1,46,Late discontinuation,0,0.6450591520118076,1.5502454261461207
727,32.1,37.1,1,0,0,0,0,105,Early discontinuation,0,0.6841371902571833,3.1659314397102487
728,33.7,39.0,0,0,1,0,0,64,Early discontinuation,0,0.49117598593301687,1.965316047108494
729,29.3,26.5,0,0,0,0,1,7,Late discontinuation,1,0.409799067671364,2.440220290598475
730,28.1,28.1,0,0,0,0,0,155,Early discontinuation,0,0.4150338011940673,1.7095004840301178
731,33.0,38.4,0,1,0,0,0,80,Early discontinuation,0,0.5781957283951109,2.3707678355062183
732,27.1,41.1,1,0,0,1,1,41,Late discontinuation,0,0.7823540024774999,1.2781937547878264
733,34.0,34.4,0,0,0,1,0,174,Early discontinuation,0,0.5999561081034852,2.4997257057450204
734,23.5,25.7,0,0,0,0,0,125,Early discontinuation,0,0.38166748793820715,1.6172528218928028
735,37.1,42.9,0,0,0,0,1,19,Late discontinuation,1,0.5479255839143921,1.8250653544154276
736,34.4,27.8,1,1,0,0,1,27,Late discontinuation,0,0.7063832732706468,1.415662060300309
737,33.3,29.0,1,0,1,0,1,39,Late discontinuation,1,0.6254550829199155,1.5988358353913035
738,36.9,33.1,0,0,0,0,0,104,Early discontinuation,0,0.4834800463247622,1.9360336282937687
739,40.3,40.3,0,0,0,1,0,157,Early discontinuation,0,0.6601687264507313,2.94263676663949
740,37.1,36.1,1,0,0,1,1,54,Late discontinuation,0,0.7885664271981226,1.268123984878646
741,22.8,33.5,1,0,0,0,1,43,Late discontinuation,0,0.6280468737328354,1.5922378437399716
742,25.6,33.8,0,0,0,0,0,78,Early discontinuation,0,0.441125708543774,1.7893111479405477
743,28.9,31.3,0,0,1,0,1,56,Late discontinuation,0,0.42168479796126673,2.3714395321688917
744,32.1,34.3,0,0,0,0,0,91,Early discontinuation,0,0.4712736472599132,1.8913375412773945
745,34.6,15.8,0,0,0,0,0,159,Early discontinuation,0,0.36475922509182884,1.574206252966928
746,28.4,29.2,1,1,0,0,1,15,Late discontinuation,1,0.6929867172210812,1.4430291016400152
747,32.9,32.4,1,1,0,0,1,25,Late discontinuation,0,0.725628122029998,1.378116378955141
748,28.2,24.1,0,0,0,0,0,139,Early discontinuation,0,0.3904005520926961,1.6404214331769877
749,28.9,33.3,1,0,0,1,1,30,Late discontinuation,0,0.7514747392498706,1.3307167197638734
750,25.0,29.8,0,0,0,0,0,130,Early discontinuation,0,0.41320799038215583,1.7041813515001045
751,27.4,41.5,1,0,0,0,0,68,Early discontinuation,0,0.6918699460025676,3.2453828733250822
752,25.2,40.4,1,0,0,0,1,16,Late discontinuation,0,0.6777623563345522,1.4754434067541915
753,27.1,28.2,0,0,0,0,1,15,Late discontinuation,0,0.41161539816259635,2.429452358837606
754,37.3,30.1,0,1,0,0,1,54,Late discontinuation,1,0.5426866894126336,1.8426838533341043
755,27.3,30.6,1,1,0,0,1,36,Late discontinuation,1,0.6968170670770201,1.4350968815886778
756,45.2,28.3,0,0,0,1,0,115,Early discontinuation,0,0.6067238395250236,2.5427424809890775
757,34.5,32.2,0,0,0,0,0,148,Early discontinuation,0,0.46764346791886496,1.8784403679442272
758,32.9,26.5,0,0,0,0,0,145,Early discontinuation,0,0.4244147083110155,1.737361976477235
759,27.7,24.2,1,0,0,0,1,57,Late discontinuation,0,0.5899196210147614,1.6951461934421357
760,35.5,34.7,0,0,1,0,0,103,Early discontinuation,0,0.4707453425491244,1.889449598453119
761,29.1,34.8,1,0,0,0,0,64,Early discontinuation,0,0.6599094024381993,2.940392963431697
762,32.6,26.2,0,1,1,1,0,131,Early discontinuation,0,0.6005705493522114,2.5035710270692744
763,44.8,36.4,1,0,0,0,1,9,Late discontinuation,0,0.7244654793103192,1.3803280191514242
764,31.5,27.2,1,0,0,0,0,72,Early discontinuation,0,0.6236738467753606,2.657269476041631
765,37.7,32.5,1,0,1,0,0,119,Early discontinuation,0,0.6631445481653018,2.968632374965153
766,28.5,35.9,0,0,0,0,1,33,Late discontinuation,0,0.46667201026061567,2.1428326062271106
767,31.8,30.8,1,0,0,0,1,50,Late discontinuation,0,0.6465424767020188,1.5466887884937592
768,40.9,33.7,1,1,0,0,1,51,Late discontinuation,0,0.7576771912729671,1.3198232855867134
769,28.9,27.9,0,0,1,0,0,76,Early discontinuation,0,0.4002676664713271,1.667410516482001
770,41.1,29.8,0,0,1,0,0,66,Early discontinuation,1,0.46228150592395345,1.859709143384188
771,35.5,29.8,0,0,0,0,0,74,Early discontinuation,0,0.4562694783176526,1.8391463420260408
772,29.2,26.5,0,0,0,0,0,175,Early discontinuation,0,0.4093952179301283,1.6931796530589127
773,35.2,29.9,1,1,0,1,1,12,Late discontinuation,1,0.8071939896389567,1.2388595713494868
774,36.9,21.7,0,0,0,0,0,118,Early discontinuation,0,0.4102813696817008,1.6957239411959097
775,35.1,28.1,0,1,0,1,0,91,Early discontinuation,1,0.6383830681822696,2.7653572385931326
776,24.1,29.3,1,0,0,0,1,49,Late discontinuation,0,0.6073643804847121,1.6464580935779307
777,28.4,29.5,0,0,0,0,0,161,Early discontinuation,0,0.425130355162936,1.7395247931092817
778,30.8,29.6,0,0,0,1,0,101,Early discontinuation,0,0.5564870276399416,2.254725481148198
779,31.6,30.6,0,0,0,0,0,180,Early discontinuation,0,0.44530007317465126,1.802776513282031
780,35.1,33.9,1,0,1,0,1,56,Late discontinuation,0,0.6615828530363876,1.5115264783698967
781,32.9,36.2,1,0,0,0,0,178,Early discontinuation,0,0.6819584876098321,3.1442436318602875
782,25.3,27.1,1,0,0,0,1,56,Late discontinuation,1,0.5984543959434283,1.6709710995163776
783,33.9,23.8,0,0,1,0,0,141,Early discontinuation,0,0.3947096853964185,1.6520997872812866
784,35.1,24.7,1,0,0,0,0,175,Early discontinuation,0,0.6225123525464742,2.6490933060878885
785,34.8,28.1,0,0,0,0,0,166,Early discontinuation,0,0.44243029103822445,1.7934977168362558
786,37.4,28.9,0,0,0,0,1,41,Late discontinuation,0,0.4583309034329613,2.1818297490085503
787,36.2,26.4,0,0,0,0,0,104,Early discontinuation,0,0.43728964961583056,1.7771132152043894
788,34.3,23.2,1,0,0,0,1,59,Late discontinuation,0,0.6101223208321164,1.639015597128373
789,31.6,28.3,0,0,0,1,0,131,Early discontinuation,0,0.551428158012742,2.2292973084752963
790,23.7,32.1,0,0,0,0,0,78,Early discontinuation,0,0.42248778975600876,1.7315651206361737
791,34.1,34.6,0,0,1,0,0,143,Early discontinuation,0,0.4642772320896852,1.8666371113937978
792,33.0,27.7,0,0,0,1,1,50,Late discontinuation,0,0.5533478926350247,1.8071813651228208
793,33.4,28.5,1,0,0,0,0,163,Early discontinuation,0,0.6389328111819028,2.769567634415522
794,25.6,25.4,0,1,0,0,1,8,Late discontinuation,0,0.463428246927032,2.157831350658806
795,26.6,30.8,1,0,0,0,0,146,Early discontinuation,0,0.6264544188649288,2.6770494700040577
796,37.3,25.9,0,0,0,0,0,99,Early discontinuation,0,0.43860822947215206,1.7812872444848118
797,31.8,34.4,1,0,1,0,1,30,Late discontinuation,0,0.6520946530028062,1.5335197051457752
798,35.4,20.3,1,0,0,0,1,24,Late discontinuation,0,0.5964561108120691,1.6765692929837033
799,32.1,28.8,0,1,0,1,0,114,Early discontinuation,0,0.6309912476255464,2.709962822196815
800,32.1,32.8,0,0,0,0,0,90,Early discontinuation,0,0.46155817425768,1.857210848398256
801,36.7,32.1,1,1,0,0,1,54,Late discontinuation,0,0.7365677696667702,1.3576483267146062
802,29.4,47.2,1,1,0,0,0,156,Early discontinuation,0,0.7857156338780799,4.666696026862901
803,32.5,33.1,0,0,0,0,0,102,Early discontinuation,0,0.4651606637173369,1.8697203667747786
804,29.7,25.0,0,0,0,1,0,149,Early discontinuation,0,0.5221920261111241,2.0928909826703115
805,29.8,30.4,1,0,0,0,1,30,Late discontinuation,0,0.6364676406918552,1.57117178638175
806,30.5,20.3,1,0,0,0,1,60,Late discontinuation,0,0.5766144913837149,1.7342609576118653
807,33.1,30.5,0,0,0,0,1,44,Late discontinuation,0,0.45085130877600604,2.2180261663537157
808,29.6,26.0,0,0,0,0,1,52,Late discontinuation,0,0.4078648109647452,2.4517927830906636
809,38.3,36.5,0,0,0,0,0,154,Early discontinuation,0,0.5114392611163862,2.0468284092681106
810,27.5,27.7,1,0,0,0,1,30,Late discontinuation,0,0.6109684207836314,1.636745805482703
811,31.1,30.3,0,0,0,0,1,16,Late discontinuation,0,0.4413125758020779,2.265967603987984
812,29.8,27.2,1,1,1,0,1,46,Late discontinuation,1,0.6717557458536529,1.4886363178467812
813,39.2,41.4,0,0,0,0,1,56,Late discontinuation,0,0.5469421572119819,1.8283469043554152
814,33.0,29.1,0,1,0,0,0,117,Early discontinuation,0,0.5183236822455336,2.07608296928924
815,37.2,42.0,1,0,1,0,1,18,Late discontinuation,1,0.7142749177247515,1.4000211615793483
816,24.6,35.9,1,0,0,0,1,2,Late discontinuation,0,0.6493924339690417,1.5399009099752967
817,33.3,33.9,1,0,0,0,1,45,Late discontinuation,0,0.6703142324829944,1.4918376360528338
818,36.4,33.2,0,0,0,0,1,29,Late discontinuation,0,0.4820449191791108,2.0744954675654106
819,32.4,33.4,1,0,0,0,0,139,Early discontinuation,0,0.6640875882327058,2.9769665096291744
820,37.3,19.4,1,0,0,0,0,111,Early discontinuation,0,0.5984537916684137,2.4903734097128525
821,29.4,29.3,0,1,0,0,1,28,Late discontinuation,0,0.5046031402536576,1.9817554038552212
822,39.0,36.1,0,0,0,0,1,39,Late discontinuation,0,0.5117589574303751,1.9540449375252023
823,43.5,30.7,0,0,0,0,0,116,Early discontinuation,1,0.49541332435335483,1.9818200683132696
824,30.2,22.6,0,1,0,0,1,11,Late discontinuation,0,0.4644096941269785,2.153271158303127
825,29.8,30.7,1,0,0,0,1,48,Late discontinuation,0,0.63827226327985,1.5667295252050626
826,39.3,41.2,0,0,0,0,1,22,Late discontinuation,0,0.5460659919140277,1.8312804950458064
827,39.9,38.5,1,0,0,0,0,158,Early discontinuation,1,0.7190080529121184,3.558820850076694
828,29.4,30.6,0,1,0,0,1,8,Late discontinuation,0,0.5130588084963853,1.9490943015493425
829,29.9,36.7,1,0,0,0,1,53,Late discontinuation,0,0.6738610011162867,1.4839855672660187
830,30.6,28.8,0,0,0,1,1,55,Late discontinuation,0,0.5505160290663603,1.8164775359873453
831,25.3,20.8,0,0,0,0,0,120,Early discontinuation,0,0.35894524872682537,1.559929160518564
832,27.4,25.5,0,1,0,0,1,24,Late discontinuation,0,0.47155917066261605,2.12062464736894
833,27.0,40.4,0,0,1,0,1,54,Late discontinuation,1,0.47234012941939674,2.117118444349003
834,28.2,29.4,1,1,0,0,1,24,Late discontinuation,0,0.6933834179942829,1.4422035111434481
835,31.8,29.5,0,0,0,0,1,46,Late discontinuation,0,0.43906249671758135,2.2775800882015007
836,33.2,29.2,1,0,0,0,1,8,Late discontinuation,0,0.6423580665269488,1.5567641353158705
837,39.8,42.4,0,0,0,0,0,106,Early discontinuation,0,0.5558582086639469,2.2515332254409834
838,27.0,40.8,0,0,0,0,1,10,Late discontinuation,0,0.49224274181205746,2.031518019582722
839,36.9,44.3,0,1,0,1,0,148,Early discontinuation,1,0.7349798177171541,3.773297532988406
840,30.9,30.0,1,0,1,0,1,37,Late discontinuation,0,0.6221571037346003,1.6073110698203645
841,31.8,32.8,1,0,0,0,1,27,Late discontinuation,1,0.6583450647580515,1.5189602740737642
842,35.4,21.9,0,0,0,1,1,7,Late discontinuation,0,0.5258107526286063,1.9018249341628162
843,26.4,39.9,0,0,0,1,1,9,Late discontinuation,1,0.6038437592617626,1.6560575225991632
844,33.9,24.0,0,0,1,1,1,24,Late discontinuation,1,0.5159019854736754,1.9383526874428483
845,32.8,32.3,1,0,0,0,0,62,Early discontinuation,0,0.6591738476114225,2.934047146886473
846,34.5,24.4,1,0,0,1,0,121,Early discontinuation,0,0.7247964125548739,3.6336735624836067
847,33.4,27.5,0,0,0,0,1,60,Late discontinuation,0,0.4328333937298867,2.3103577831244193
848,44.3,26.0,1,0,0,0,1,49,Late discontinuation,0,0.6654548516799318,1.5027315489180273
849,28.8,27.4,0,0,0,0,0,98,Early discontinuation,0,0.4134497204628958,1.7048836815646622
850,29.3,27.8,1,0,1,0,1,8,Late discontinuation,1,0.6022230988279968,1.6605141880909713
851,28.9,27.7,0,0,0,0,0,106,Early discontinuation,1,0.41575005376156204,1.711596220826849
852,29.2,36.0,1,0,0,1,1,59,Late discontinuation,0,0.7652665816960442,1.3067341811577882
853,28.8,24.4,0,1,0,0,1,7,Late discontinuation,0,0.4702513880238313,2.126522165521651
854,37.9,32.3,1,0,0,0,1,2,Late discontinuation,0,0.6780411816024905,1.4748366723634518
855,39.1,38.3,1,1,0,0,1,52,Late discontinuation,1,0.7737568265977371,1.2923957057633597
856,29.1,27.9,1,1,1,0,1,17,Late discontinuation,0,0.6731936360793365,1.4854567042908722
857,27.8,26.7,1,0,0,0,0,158,Early discontinuation,0,0.6059616710676633,2.5378241825092034
858,34.4,29.6,1,0,1,0,1,34,Late discontinuation,0,0.6333820289921918,1.5788259758350798
859,29.2,38.1,0,1,0,0,1,16,Late discontinuation,0,0.5607246395705516,1.7834065589945913
860,35.2,32.2,0,0,0,0,1,35,Late discontinuation,0,0.4705547837440959,2.1251510653939816
861,33.0,27.8,0,0,0,0,0,101,Early discontinuation,0,0.433110297634525,1.7640115807841892
862,24.4,33.9,1,0,0,0,0,131,Early discontinuation,0,0.6366786409389209,2.7523842875196523
863,39.7,24.4,0,0,0,0,0,117,Early discontinuation,0,0.4388644601337582,1.7821006315842522
864,41.0,35.1,1,0,0,0,1,14,Late discontinuation,0,0.7046265479529434,1.4191914893146806
865,28.9,33.5,1,0,0,0,0,172,Early discontinuation,1,0.6515175563493577,2.869585019905656
866,30.1,29.2,0,0,0,0,1,59,Late discontinuation,0,0.43016807226581355,2.3246727604229784
867,33.4,26.0,0,0,1,0,0,108,Early discontinuation,0,0.4064525309896226,1.684785214680978
868,33.7,25.7,0,0,0,0,1,5,Late discontinuation,0,0.4225931182628598,2.366342367596208
869,35.3,34.2,0,0,1,0,0,99,Early discontinuation,0,0.46667310829029035,1.875022646606579
870,42.1,38.4,0,0,0,0,1,6,Late discontinuation,0,0.5395855991740846,1.8532740709363773
871,31.1,27.2,0,1,0,0,0,145,Early discontinuation,0,0.49803700287130626,1.9921787177942503
872,28.0,33.8,1,0,0,0,1,47,Late discontinuation,1,0.6498760494305312,1.5387549685455755
873,25.1,18.5,1,0,0,1,1,8,Late discontinuation,0,0.6587763389427999,1.517965872309248
874,28.3,27.5,0,0,0,0,1,19,Late discontinuation,0,0.4120566344770836,2.4268508654618315
875,31.8,30.8,0,0,0,0,0,158,Early discontinuation,0,0.44741178456057584,1.8096658091139153
876,41.0,25.5,0,0,0,0,0,119,Early discontinuation,0,0.4512966257781823,1.822478313384204
877,29.4,25.4,1,1,0,0,1,1,Late discontinuation,1,0.675226517980314,1.4809844894586244
878,33.1,27.0,1,0,0,0,0,96,Early discontinuation,0,0.6287098417414799,2.693311357053868
879,31.9,32.8,0,1,0,1,0,87,Early discontinuation,1,0.6541284705569981,2.8912469367178586
880,37.9,29.9,0,0,0,0,1,35,Late discontinuation,0,0.46687665075590934,2.1418933638701416
881,44.6,17.6,1,0,0,0,0,115,Early discontinuation,0,0.6163511128793819,2.606549982472914
882,29.3,18.3,1,0,0,0,0,130,Early discontinuation,0,0.558924543893205,2.2671857754829956
883,29.6,27.4,0,1,0,0,1,5,Late discontinuation,0,0.4930762733001271,2.028083795853866
884,37.2,33.7,1,0,0,0,0,141,Early discontinuation,0,0.6834194500141385,3.1587537517534163
885,35.4,14.5,0,0,0,0,0,113,Early discontinuation,0,0.3600284380954134,1.5625694320290595
886,41.2,28.0,0,1,0,1,1,9,Late discontinuation,1,0.660970028988185,1.5129279031468388
887,34.9,27.8,1,0,0,0,0,120,Early discontinuation,1,0.6405073351893167,2.78169792567707
888,30.2,39.3,1,0,0,1,1,39,Late discontinuation,1,0.7831910452330443,1.276827673256201
889,35.0,28.7,0,1,0,1,1,60,Late discontinuation,1,0.6415961855771911,1.5586127574938473
890,37.5,33.3,1,0,0,0,1,45,Late discontinuation,0,0.682249857694069,1.4657386714302767
891,36.1,31.8,0,0,0,0,1,45,Late discontinuation,0,0.4717057977052636,2.1199654633561043
892,34.5,18.2,1,0,0,0,1,19,Late discontinuation,0,0.5795765902421843,1.7253975002374333
893,37.3,35.6,0,0,0,0,1,27,Late discontinuation,0,0.5014103825156744,1.9943743386062402
894,37.8,32.3,1,0,0,0,0,76,Early discontinuation,0,0.6776765117088528,3.1024732491624176
895,38.9,34.0,1,0,0,0,0,95,Early discontinuation,0,0.6911985938928707,3.238327223332268
896,35.2,54.6,0,0,0,0,0,96,Early discontinuation,0,0.6142160252213559,2.592124259629452
897,31.2,18.5,1,0,0,0,0,116,Early discontinuation,0,0.5680092693265508,2.314864484339876
898,32.7,41.3,1,1,0,0,1,8,Late discontinuation,1,0.7686752963798185,1.3009394274925146
899,38.0,29.3,1,1,0,0,1,8,Late discontinuation,1,0.7265208302231203,1.3764230265674449
900,27.9,32.7,0,0,1,0,0,79,Early discontinuation,0,0.4265052240855303,1.743695046577266
901,33.8,30.7,1,0,1,0,0,117,Early discontinuation,0,0.6376923516241393,2.760085260365777
902,30.0,28.5,1,1,0,0,0,145,Early discontinuation,0,0.69479250054883,3.2764594638015754
903,32.1,27.6,0,0,0,0,1,39,Late discontinuation,0,0.42814892740384664,2.3356358874087784
904,38.4,33.0,1,0,0,0,1,57,Late discontinuation,0,0.6838134306659992,1.462387188017134
905,33.0,21.9,0,1,0,0,1,5,Late discontinuation,0,0.47151564183802974,2.120820416692581
906,32.2,35.5,0,0,0,1,1,54,Late discontinuation,1,0.59961259140716,1.66774349693561
907,25.2,28.5,0,0,1,0,0,130,Early discontinuation,0,0.38923619660919456,1.6372941461957211
908,35.7,24.2,1,0,0,0,1,32,Late discontinuation,0,0.6218087357486993,1.6082115649210573
909,35.2,28.3,1,0,0,0,1,18,Late discontinuation,0,0.6446466905353697,1.5512373129062595
910,42.8,38.5,0,0,0,0,0,127,Early discontinuation,0,0.5431342752976744,2.188826926448811
911,30.5,27.8,1,0,0,0,1,32,Late discontinuation,0,0.623419342316144,1.6040567433868407
912,33.1,33.2,0,0,1,0,0,140,Early discontinuation,0,0.4510890331778904,1.8217890704378634
913,33.2,26.6,0,0,1,0,1,0,Late discontinuation,1,0.4094174029968744,2.442495098352315
914,39.9,35.5,0,0,0,0,0,119,Early discontinuation,0,0.5116125930094598,2.047554842091515
915,31.5,35.1,1,0,0,0,1,11,Late discontinuation,0,0.6705730863999178,1.4912617584589698
916,33.4,42.1,1,0,0,0,1,42,Late discontinuation,0,0.7159970248298441,1.3966538481604012
917,35.0,29.9,1,0,0,0,1,28,Late discontinuation,0,0.6533713851568751,1.530523103272879
918,32.9,35.0,1,1,0,1,1,16,Late discontinuation,0,0.8214501126286794,1.217359380230593
919,29.8,31.6,0,0,0,0,0,152,Early discontinuation,0,0.4443039432189534,1.7995448911274468
920,33.0,38.8,0,0,0,0,0,135,Early discontinuation,0,0.5042788090474735,2.0172629660606267
921,37.4,26.7,0,0,0,1,0,134,Early discontinuation,0,0.5650444052348756,2.299085267635192
922,26.9,35.5,0,0,0,0,0,99,Early discontinuation,0,0.45744314654127427,1.8431248147086094
923,32.7,29.8,0,0,0,1,1,43,Late discontinuation,0,0.5655829368554494,1.7680872862958703
924,28.5,30.6,1,0,1,0,1,12,Late discontinuation,0,0.6163891896612235,1.6223516193553211
925,38.0,31.6,0,0,1,0,1,4,Late discontinuation,0,0.46105807985995884,2.1689241414091227
926,24.4,32.5,1,0,1,0,1,59,Late discontinuation,0,0.6118820152117549,1.6343019979986315
927,29.2,30.3,0,1,0,1,1,5,Late discontinuation,0,0.6288020733578268,1.5903255449842306
928,33.9,32.3,0,0,0,0,1,33,Late discontinuation,0,0.46579735106292647,2.146856347976324
929,39.8,40.5,1,0,0,0,1,52,Late discontinuation,0,0.7290738816420375,1.3716031052268343
930,31.7,36.9,0,0,0,0,0,96,Early discontinuation,0,0.4864922903515412,1.9473904309724734
931,29.2,36.2,1,0,0,0,1,45,Late discontinuation,0,0.6684088174164158,1.4960903775406127
932,41.4,28.3,1,1,0,0,1,56,Late discontinuation,0,0.7325884554606623,1.3650228754576612
933,24.8,25.7,0,0,0,0,1,53,Late discontinuation,1,0.3868039620091824,2.585288927253183
934,21.0,36.7,1,0,1,1,0,105,Early discontinuation,1,0.7298264363253605,3.701324387178994
935,34.2,36.3,0,0,0,0,0,152,Early discontinuation,0,0.49302298045397025,1.9724759928871047
936,29.5,39.8,0,0,0,0,0,165,Early discontinuation,0,0.4961731007766738,1.9848086744505882
937,26.9,27.4,1,0,0,0,1,3,Late discontinuation,1,0.6067227133231952,1.648199380113383
938,35.5,29.6,0,0,0,1,1,2,Late discontinuation,0,0.5757636326530551,1.7368238341003073
939,33.2,21.2,1,1,1,1,0,71,Early discontinuation,0,0.7507733889352414,4.012412622102227
940,29.2,28.6,1,0,0,0,0,112,Early discontinuation,0,0.6232106214411419,2.6540026256175118
941,25.6,37.0,1,0,1,0,1,26,Late discontinuation,0,0.6439128348126641,1.553005229800915
942,36.4,28.2,0,0,0,0,1,13,Late discontinuation,0,0.4496754433670647,2.2238261278228437
943,35.3,34.8,0,0,0,0,0,145,Early discontinuation,1,0.4878575765297111,1.952581848666191
944,31.5,29.9,1,0,0,0,1,37,Late discontinuation,0,0.6400179471866508,1.562456184855026
945,41.2,32.9,0,0,0,0,1,31,Late discontinuation,0,0.5001251392789214,1.9994995681316805
946,26.6,24.1,0,0,0,0,0,175,Early discontinuation,0,0.38406048709168866,1.623536043788215
947,24.4,31.5,0,0,0,0,1,46,Late discontinuation,0,0.42153022834433646,2.372309108003347
948,28.5,13.1,0,1,0,0,0,136,Early discontinuation,0,0.3969377461238714,1.6582035993342141
949,31.8,29.9,0,0,0,0,1,36,Late discontinuation,0,0.44162806113153225,2.2643488673201975
950,33.2,21.2,1,1,0,0,1,2,Late discontinuation,0,0.6650921102904572,1.503551139049421
951,30.8,38.2,1,1,1,0,1,34,Late discontinuation,1,0.7348020668267392,1.360910706632229
952,33.8,35.7,0,0,0,1,1,12,Late discontinuation,1,0.6072521435896603,1.6467624043098184
953,25.7,33.8,0,0,0,0,1,33,Late discontinuation,1,0.4415374585075593,2.264813507284523
954,39.2,40.1,0,0,0,0,1,23,Late discontinuation,0,0.5385456693815609,1.856852736645994
955,31.6,25.3,1,1,1,0,1,0,Late discontinuation,1,0.6674661262187338,1.4982033705067639
956,37.6,41.5,0,0,1,0,1,11,Late discontinuation,0,0.5237060703467938,1.9094680329708766
957,33.7,36.6,1,0,0,0,1,7,Late discontinuation,0,0.6870916345884569,1.4554099477560427
958,34.3,29.6,0,1,0,0,1,18,Late discontinuation,0,0.5269863892431363,1.8975822154272541
959,34.8,37.8,1,0,0,0,1,8,Late discontinuation,0,0.6976555593319479,1.4333720797087424
960,34.2,24.4,0,0,1,0,1,27,Late discontinuation,0,0.39964799870386697,2.502201945820288
961,35.2,26.1,1,0,1,0,0,104,Early discontinuation,0,0.6151521828485058,2.598429705023773
962,38.6,27.3,0,0,1,0,0,117,Early discontinuation,0,0.43586121609116507,1.7726134570488958
963,33.0,27.8,1,0,0,0,1,26,Late discontinuation,0,0.6331691926064434,1.5793566896132392
964,35.5,24.7,0,0,0,0,1,17,Late discontinuation,0,0.4235776754281469,2.360842079293279
965,31.6,38.3,1,0,1,0,1,41,Late discontinuation,0,0.6740194811436205,1.4836366425244605
966,39.2,29.4,1,1,0,0,1,40,Late discontinuation,1,0.7309964885647909,1.367995627398101
967,28.6,33.1,0,0,0,0,0,70,Early discontinuation,0,0.4489996747634256,1.8148809614053234
968,41.0,27.6,1,1,0,0,1,32,Late discontinuation,0,0.7276826580522099,1.374225411220741
969,31.8,20.1,1,1,1,0,1,36,Late discontinuation,0,0.6375510595137527,1.568501824407099
970,24.8,32.6,0,0,0,0,0,123,Early discontinuation,0,0.4301630281536071,1.754887887951158
971,32.6,19.5,0,0,0,0,0,176,Early discontinuation,0,0.37945323681438103,1.6114820982490217
972,28.6,30.6,0,0,0,0,0,96,Early discontinuation,0,0.43296142777096003,1.7635484585624925
973,36.2,22.8,1,0,0,0,1,53,Late discontinuation,0,0.6151815582361686,1.6255363747690554
974,28.7,42.9,1,0,0,0,1,22,Late discontinuation,0,0.7041257864089073,1.42020079267381
975,29.8,36.5,0,0,0,0,0,125,Early discontinuation,0,0.47597244256486415,1.9082965882453233
976,22.6,31.6,0,0,0,1,1,32,Late discontinuation,0,0.5354478811008629,1.8675954005906859
977,29.7,38.6,1,1,0,0,0,64,Early discontinuation,0,0.7465840164884007,3.946081009346548
978,19.9,25.9,1,0,1,0,1,33,Late discontinuation,0,0.5518894169821414,1.8119571950993925
979,24.1,34.3,0,0,0,0,1,55,Late discontinuation,0,0.4381603689360466,2.28226939471552
980,35.8,32.2,1,0,0,0,1,35,Late discontinuation,0,0.6697626871431294,1.493066154917493
981,35.9,32.6,0,1,1,0,0,151,Early discontinuation,0,0.5358231196496981,2.1543511586473816
982,34.1,38.6,0,0,0,0,0,149,Early discontinuation,1,0.5075695049251074,2.0307434450173774
983,27.2,35.4,1,1,0,0,1,22,Late discontinuation,0,0.7222083364080932,1.3846420064513587
984,31.8,32.7,0,0,0,0,1,43,Late discontinuation,0,0.4596668378355802,2.175488675034011
985,32.0,21.1,0,0,0,0,0,152,Early discontinuation,0,0.3869270726368271,1.6311273184105528
986,26.2,25.2,0,0,0,0,1,1,Late discontinuation,0,0.3892656958402268,2.568939443383287
987,39.5,30.3,1,0,0,0,1,34,Late discontinuation,1,0.6724863097223356,1.4870191192633977
988,36.4,31.6,1,0,0,0,0,166,Early discontinuation,0,0.6685238410177601,3.016808216525698
989,30.9,24.2,0,0,0,1,1,56,Late discontinuation,0,0.521997148174059,1.9157192783485322
990,32.1,45.5,0,0,0,0,0,141,Early discontinuation,1,0.5440011647998839,2.192988057877709
991,33.0,40.1,0,1,0,0,1,44,Late discontinuation,1,0.5889473672451778,1.6979445967770184
992,21.8,34.6,1,0,0,0,1,40,Late discontinuation,0,0.6308292238636112,1.5852150822616387
993,30.8,31.4,0,1,0,1,0,114,Early discontinuation,0,0.641626311068668,2.790383420674641
994,28.6,29.7,1,0,0,0,0,104,Early discontinuation,0,0.6275702129180227,2.6850698700420685
995,27.0,25.3,0,0,0,0,1,15,Late discontinuation,0,0.39306723960200396,2.544093985071204
996,30.6,31.5,0,0,0,1,1,42,Late discontinuation,1,0.5678357713257298,1.761072567980868
997,41.0,32.5,0,0,0,0,1,43,Late discontinuation,0,0.4966875735411429,2.013338068577964
998,35.2,23.5,0,0,1,0,0,161,Early discontinuation,0,0.39803589320831023,1.661228615987981
999,29.1,33.0,1,0,1,0,1,0,Late discontinuation,0,0.6333772506077346,1.5788378869630786
1000,34.9,30.1,0,0,0,0,0,141,Early discontinuation,0,0.4557207370483527,1.8372921183455744
1001,39.0,19.6,0,0,0,0,0,115,Early discontinuation,0,0.4055511965591511,1.682230655039927
1002,36.6,25.8,0,0,0,1,1,26,Late discontinuation,0,0.5559834955624078,1.798614541585349
1003,32.3,28.5,0,1,1,0,1,1,Late discontinuation,0,0.4941781021016719,2.0235619420349398
1004,28.8,42.3,0,0,0,0,0,139,Early discontinuation,0,0.5095157532483103,2.0388014632939995
1005,35.5,34.3,0,0,0,0,1,29,Late discontinuation,1,0.4854410289771335,2.0599824495821606
1006,34.0,23.0,0,0,0,0,0,100,Early discontinuation,0,0.4067546025980121,1.6856430819005443
1007,36.5,33.9,1,0,0,0,1,9,Late discontinuation,0,0.682014769805229,1.4662439059576111
1008,35.2,21.7,0,0,1,0,0,81,Early discontinuation,0,0.3868665619787497,1.6309663410745858
1009,37.2,37.5,0,0,0,0,0,126,Early discontinuation,0,0.5133521486835132,2.054873965424455
1010,29.3,28.2,1,0,0,0,0,68,Early discontinuation,0,0.6211559898464236,2.639608844797674
1011,38.6,30.4,0,0,0,0,1,12,Late discontinuation,0,0.4730300288171994,2.1140306937816966
1012,33.0,39.0,0,0,0,0,1,47,Late discontinuation,0,0.5055799908573956,1.9779263777906533
1013,42.4,23.3,0,0,0,0,0,70,Early discontinuation,0,0.4429221764940688,1.7950813294030774
1014,28.6,22.6,0,0,0,0,0,117,Early discontinuation,0,0.3827273110617259,1.6200295556896054
1015,40.7,27.5,1,1,0,0,0,64,Early discontinuation,0,0.7261715297419783,3.6519212157075014
1016,33.0,37.2,0,0,0,0,0,103,Early discontinuation,0,0.4938687486337279,1.9757720893553947
1017,28.7,21.9,1,0,0,0,1,49,Late discontinuation,0,0.5794394759756907,1.725805785524273
1018,29.6,14.0,0,1,0,0,0,160,Early discontinuation,1,0.4069840026904931,1.6862951497716177
1019,30.4,28.3,0,1,0,0,0,159,Early discontinuation,0,0.5022716902830252,2.009128234173849
1020,34.1,34.3,1,0,0,0,1,24,Late discontinuation,0,0.6755459018749719,1.4802843111393447
1021,34.6,38.2,0,0,0,0,1,58,Late discontinuation,0,0.5070544874530805,1.9721746375285427
1022,29.1,28.2,1,1,0,0,0,127,Early discontinuation,0,0.6899281858385616,3.2250593389289866
1023,31.9,28.5,0,0,0,0,1,59,Late discontinuation,0,0.43307307903545045,2.309079110221354
1024,42.7,37.9,1,1,0,0,1,20,Late discontinuation,0,0.782340216503555,1.2782162784232325
1025,40.6,19.8,0,0,0,0,0,170,Early discontinuation,0,0.4132703040894667,1.7043623443127782
1026,34.2,28.7,1,0,0,0,0,116,Early discontinuation,0,0.6432046127465526,2.802726816895915
1027,32.2,32.1,0,0,0,0,1,56,Late discontinuation,0,0.45744825374485726,2.186039605165379
1028,32.6,33.7,1,0,0,0,0,84,Early discontinuation,0,0.6665698290223605,2.9991287143210026
1029,35.1,27.9,0,1,1,0,0,156,Early discontinuation,0,0.5019638478651895,2.0078863667096116
1030,26.9,31.2,1,1,0,0,0,94,Early discontinuation,0,0.6987015317519004,3.31896808441975
1031,30.7,16.1,0,0,1,1,0,119,Early discontinuation,0,0.45130058410839724,1.8224914607847023
1032,23.7,27.1,1,0,0,0,1,5,Late discontinuation,0,0.5920168775797087,1.6891410327492915
1033,34.0,33.7,0,1,0,0,0,62,Early discontinuation,0,0.5522455787632853,2.2333671150314096
1034,35.2,25.1,0,0,0,0,0,70,Early discontinuation,0,0.4248967995801766,1.7388183534190098
1035,29.6,31.4,0,0,0,0,1,43,Late discontinuation,0,0.4421951622276488,2.261444912608937
1036,39.9,33.7,0,0,0,0,0,75,Early discontinuation,0,0.499902900427751,1.9996116771229744
1037,25.9,28.9,0,0,0,0,1,26,Late discontinuation,0,0.4111743039030514,2.4320585953634515
1038,24.7,32.0,1,0,0,0,1,4,Late discontinuation,1,0.6263377726358924,1.5965826167430075
1039,33.1,25.2,1,0,0,0,0,167,Early discontinuation,0,0.6177098254886028,2.615814024721127
1040,37.2,29.8,0,0,0,0,1,9,Late discontinuation,0,0.4633209347689712,2.1583311371385294
1041,40.4,34.7,1,1,0,0,1,9,Late discontinuation,0,0.7609077899519369,1.314219690224443
1042,29.7,31.9,0,0,0,0,0,74,Early discontinuation,0,0.4458198821975743,1.8044674788504707
1043,37.4,27.5,0,0,0,1,0,141,Early discontinuation,0,0.5701544475547675,2.3264169986437446
1044,31.8,32.3,1,0,0,0,1,57,Late discontinuation,0,0.6554120692602069,1.5257576826876944
1045,31.1,35.3,1,0,0,0,1,27,Late discontinuation,0,0.6702472288414566,1.4919867728935359
1046,36.4,18.7,1,0,0,0,1,35,Late discontinuation,0,0.5904385087179415,1.6936564692763125
1047,35.3,38.0,0,0,0,0,0,92,Early discontinuation,0,0.5086752624032542,2.0353137619151367
1048,24.1,29.0,1,0,0,0,1,49,Late discontinuation,0,0.6055008662503903,1.6515253003560098
1049,39.4,33.6,0,0,0,0,1,34,Late discontinuation,0,0.49716478593171937,2.011405530514263
1050,38.9,38.2,0,0,0,0,1,52,Late discontinuation,0,0.5249865418569579,1.904810733743472
1051,28.9,22.8,0,0,1,0,1,34,Late discontinuation,0,0.36886630049448554,2.7110093783559113
1052,34.0,26.7,1,0,0,1,1,36,Late discontinuation,0,0.7349511561062465,1.3606346376784764
1053,34.5,29.3,1,0,0,0,0,94,Early discontinuation,0,0.6479239447824211,2.8402953997596105
1054,33.3,26.3,1,0,0,1,0,164,Early discontinuation,0,0.7306237458118181,3.712279699685096
1055,29.2,41.4,0,0,0,0,0,131,Early discontinuation,0,0.5053308020398017,2.0215529976872775
1056,28.6,25.9,0,1,0,1,1,10,Late discontinuation,0,0.5992992039753051,1.66861559863044
1057,31.9,27.7,0,1,0,0,0,128,Early discontinuation,0,0.504630117589621,2.018693577280442
1058,37.9,32.2,0,0,0,0,0,103,Early discontinuation,0,0.4818011641908422,1.9297611860484376
1059,34.7,23.8,0,0,1,0,0,124,Early discontinuation,0,0.39790600967682166,1.6608702562588986
1060,30.1,28.6,1,0,0,0,1,27,Late discontinuation,0,0.6267333470111437,1.5955749040145129
1061,35.9,32.9,0,1,0,0,1,37,Late discontinuation,0,0.5549414658627937,1.8019918523213125
1062,17.8,29.0,0,0,0,0,0,78,Early discontinuation,0,0.37947439512787173,1.6115370456084082
1063,37.7,30.4,0,0,0,0,1,44,Late discontinuation,0,0.46928506715678187,2.130900959748445
1064,23.3,27.8,0,0,0,0,0,173,Early discontinuation,0,0.39384899004821433,1.6497539121143123
1065,30.2,21.9,0,0,0,0,0,121,Early discontinuation,0,0.3847377701375541,1.6253232385540224
1066,26.4,32.9,1,1,0,0,1,56,Late discontinuation,0,0.7062036560609044,1.4160221225387681
1067,25.5,41.5,1,0,0,0,1,53,Late discontinuation,0,0.6850647285851279,1.459716079771486
1068,37.8,31.1,1,0,0,0,1,36,Late discontinuation,0,0.6708170943849777,1.4907193158469307
1069,29.7,32.4,0,0,0,0,0,71,Early discontinuation,0,0.4490371779859846,1.8150044976620252
1070,33.7,35.2,0,0,0,1,0,139,Early discontinuation,1,0.6037448124710072,2.5236262677995427
1071,31.8,23.4,0,0,1,0,0,106,Early discontinuation,0,0.38389744434911194,1.623106398160513
1072,34.4,41.2,1,0,0,0,1,13,Late discontinuation,0,0.7146278211161501,1.3993297916083618
1073,32.4,32.2,1,1,0,0,1,30,Late discontinuation,0,0.7229211536680714,1.3832767168674511
1074,25.6,40.8,0,0,0,0,0,158,Early discontinuation,0,0.4864005013554863,1.9470423990661776
1075,37.0,26.6,0,0,0,0,1,59,Late discontinuation,0,0.44186312726488103,2.2631442596035765
1076,29.5,41.9,0,1,0,0,1,35,Late discontinuation,0,0.5861356412472795,1.7060897335504617
1077,24.2,35.7,1,0,1,0,1,43,Late discontinuation,0,0.6306890299178103,1.58556745489979
1078,29.9,34.3,1,0,0,0,1,37,Late discontinuation,0,0.6599872408866295,1.515180806611649
1079,39.5,32.4,1,0,1,0,1,18,Late discontinuation,1,0.6692503186668174,1.4942092250206975
1080,36.3,29.5,0,1,0,0,0,108,Early discontinuation,0,0.5346562869491561,2.148949200245753
1081,30.3,38.2,0,0,0,0,1,0,Late discontinuation,0,0.4891042635971673,2.0445538393908036
1082,30.3,31.8,0,1,0,0,1,22,Late discontinuation,0,0.5246072201534353,1.906188023312991
1083,30.4,19.2,0,0,0,0,1,54,Late discontinuation,0,0.36902140617301676,2.709869897171079
1084,42.4,24.3,0,0,0,0,1,27,Late discontinuation,0,0.4493531217884302,2.225421281196377
1085,33.9,29.9,1,0,0,0,0,178,Early discontinuation,0,0.649199380886772,2.850622107018659
1086,34.2,32.9,1,0,0,0,1,3,Late discontinuation,0,0.6678796024653402,1.4972758507801491
1087,37.2,30.7,0,0,1,0,1,40,Late discontinuation,0,0.4519320870483034,2.212721841751232
1088,33.2,38.3,1,0,0,0,1,59,Late discontinuation,0,0.6947565469309094,1.4393531150120213
1089,30.7,19.3,0,1,0,0,0,146,Early discontinuation,0,0.44518647567325265,1.8024073966356093
1090,31.0,31.9,0,0,0,0,0,124,Early discontinuation,0,0.45118973342208485,1.8221233473554728
1091,31.6,20.1,0,0,0,0,1,48,Late discontinuation,0,0.37919797183141823,2.637144906578178
1092,31.8,35.6,0,0,0,0,0,74,Early discontinuation,0,0.4784613298392427,1.9174033628067568
1093,35.6,30.4,0,0,1,0,0,85,Early discontinuation,0,0.44339494849115496,1.7966060446077519
1094,32.3,33.5,0,0,0,0,0,160,Early discontinuation,0,0.4669201296919693,1.875891504629818
1095,35.7,25.8,0,0,0,0,0,160,Early discontinuation,0,0.4314016101964478,1.7587105731085428
1096,31.6,38.7,1,0,0,0,0,165,Early discontinuation,1,0.6912868693035675,3.239253211368363
1097,32.4,37.3,0,0,0,0,0,63,Early discontinuation,0,0.49201478635123286,1.968561235901294
1098,22.0,34.5,0,0,0,0,0,65,Early discontinuation,0,0.430822521855633,1.7569212388027036
1099,36.6,30.2,0,1,0,0,0,125,Early discontinuation,0,0.5404305562683118,2.175949714759176
1100,33.7,34.5,1,1,0,0,1,11,Late discontinuation,1,0.7389596194883783,1.3532539175717804
1101,37.0,26.8,0,0,0,0,1,24,Late discontinuation,0,0.4431472288254274,2.2565863779641013
1102,17.5,36.1,1,0,0,1,0,157,Early discontinuation,0,0.7288878458406494,3.6885103993243824
1103,42.4,40.9,0,0,0,0,0,166,Early discontinuation,1,0.5569394067404531,2.257027628304997
1104,31.3,37.4,0,0,0,0,1,4,Late discontinuation,0,0.4880745451592075,2.0488673501171935
1105,37.5,26.6,1,0,0,0,1,0,Late discontinuation,0,0.6433089714548672,1.5544630098014376
1106,26.8,33.2,0,0,0,0,1,7,Late discontinuation,1,0.44221670566500365,2.261334741970465
1107,35.1,23.2,0,0,0,0,0,70,Early discontinuation,0,0.4124556799574143,1.7019992635236763
1108,26.7,34.4,0,0,0,0,0,158,Early discontinuation,0,0.4495203026649276,1.8165974237398774
1109,28.9,33.7,1,0,0,0,1,42,Late discontinuation,0,0.652698431799643,1.5321011224782093
1110,41.6,19.8,0,0,0,0,0,164,Early discontinuation,0,0.41732544647832137,1.7162239091376326
1111,31.0,24.0,0,0,0,0,1,45,Late discontinuation,0,0.4009588082616855,2.494021778285391
1112,33.1,29.3,1,1,0,0,1,58,Late discontinuation,0,0.7099645896461907,1.4085209524299624
1113,36.4,29.2,0,0,0,0,0,75,Early discontinuation,1,0.45612415784708304,1.8386549327904116
1114,34.5,23.7,1,0,0,0,1,4,Late discontinuation,0,0.6140051980596277,1.628650707127869
1115,32.8,33.3,1,0,0,0,1,54,Late discontinuation,0,0.6649965350264617,1.5037672338551473
1116,33.8,32.5,0,1,1,0,0,168,Early discontinuation,0,0.5264417994616032,2.111672860617939
1117,44.0,29.8,0,0,0,0,0,94,Early discontinuation,0,0.49164557304960543,1.9671314873738286
1118,31.7,26.5,0,0,0,0,1,28,Late discontinuation,0,0.4195267895670838,2.383638005648973
1119,33.0,37.3,1,1,0,0,1,0,Late discontinuation,1,0.7505881450873108,1.332288561370333
1120,37.3,40.9,1,0,0,0,1,29,Late discontinuation,0,0.7228393268002811,1.383433306578099
1121,37.5,28.1,1,0,0,1,1,55,Late discontinuation,0,0.7530184887271153,1.3279886416738271
1122,37.9,27.3,1,0,1,0,0,142,Early discontinuation,0,0.6330544398043655,2.7251998892338603
1123,35.2,33.9,1,0,0,0,1,0,Late discontinuation,0,0.6772880381507336,1.4764766888994507
1124,26.3,28.9,0,0,1,0,0,163,Early discontinuation,0,0.39609960342916595,1.6559022078448093
1125,40.2,30.2,0,0,0,0,0,128,Early discontinuation,0,0.4783959462583777,1.9171630144104523
1126,26.3,35.4,1,0,0,0,0,130,Early discontinuation,0,0.6528853555104587,2.8808925692852188
1127,33.5,19.5,0,0,0,0,1,55,Late discontinuation,0,0.38299866861490334,2.610975133716399
1128,28.2,38.9,0,0,0,0,0,93,Early discontinuation,0,0.484894258823904,1.9413489698576982
1129,31.7,31.4,1,0,0,0,1,24,Late discontinuation,0,0.649722874543279,1.5391177364702564
1130,33.6,28.5,0,0,0,0,1,47,Late discontinuation,1,0.4400561812317078,2.272437117463096
1131,33.6,30.5,1,1,0,0,0,135,Early discontinuation,0,0.7180467604628131,3.546687392708995
1132,34.1,30.8,1,0,0,0,0,82,Early discontinuation,0,0.6552698963600209,2.900820060218343
1133,40.1,20.6,0,0,0,0,1,30,Late discontinuation,1,0.4162974775627296,2.402128415129096
1134,34.3,40.0,1,0,0,0,1,29,Late discontinuation,0,0.7078709712575129,1.4126868322111417
1135,30.8,31.2,0,0,0,0,0,83,Early discontinuation,0,0.44585733473859124,1.8045894364193462
1136,36.8,33.7,0,0,0,0,1,1,Late discontinuation,0,0.4869634154740002,2.0535423570302926
1137,37.9,36.7,0,0,0,0,1,16,Late discontinuation,0,0.5110707646761777,1.956676196560794
1138,25.9,24.9,0,0,0,0,0,120,Early discontinuation,0,0.38622277213404743,1.6292556233748012
1139,35.0,33.8,0,0,1,0,0,155,Early discontinuation,0,0.4628371705865849,1.8616329076455378
1140,35.5,29.4,0,0,0,0,1,58,Late discontinuation,0,0.4536879673814367,2.2041580819780773
1141,30.5,36.1,0,0,0,1,1,41,Late discontinuation,0,0.5965419394415706,1.6763280733222392
1142,38.9,18.2,0,0,0,1,1,50,Late discontinuation,0,0.5163660830042966,1.9366105422374906
1143,31.2,30.4,1,0,1,0,1,51,Late discontinuation,0,0.6257752193445719,1.5980178969812608
1144,32.6,27.4,1,0,0,0,1,58,Late discontinuation,0,0.6291907068444277,1.5893432454132825
1145,31.1,33.6,0,0,0,0,0,85,Early discontinuation,0,0.46258250050994487,1.8607507216435644
1146,32.1,33.8,0,0,0,0,0,158,Early discontinuation,0,0.46803237052851193,1.8798136288734406
1147,26.5,26.8,0,0,0,0,0,72,Early discontinuation,0,0.4004121738367995,1.6678123810469296
1148,24.8,26.7,0,0,0,0,0,82,Early discontinuation,0,0.3929949142275931,1.6474326549134453
1149,40.0,30.3,1,1,0,0,1,8,Late discontinuation,0,0.7381678762153568,1.3547053891413923
1150,27.8,25.6,1,0,0,0,0,144,Early discontinuation,0,0.5991055819579418,2.4944223590937833
1151,27.0,36.1,0,0,1,0,0,89,Early discontinuation,1,0.44456257663175985,1.8003828296910176
1152,21.2,28.8,0,1,0,0,0,104,Early discontinuation,0,0.4671624899093148,1.8767447506272728
1153,28.8,13.6,0,0,0,0,0,153,Early discontinuation,0,0.3298455327159215,1.4921932909776456
1154,25.4,28.8,1,0,0,0,1,7,Late discontinuation,0,0.6094363860488732,1.6408603471861063
1155,40.2,24.8,0,0,0,0,0,87,Early discontinuation,0,0.4434896194959548,1.7969116750244178
1156,37.0,21.2,1,0,0,0,1,45,Late discontinuation,0,0.6084648489750937,1.6434803122717991
1157,28.6,23.6,1,0,0,0,1,1,Late discontinuation,0,0.589777905467687,1.6955535138384195
1158,43.3,31.7,0,0,0,0,0,141,Early discontinuation,0,0.5010847429731065,2.004348405697475
1159,36.9,39.0,1,0,0,0,1,52,Late discontinuation,1,0.7114547438951535,1.4055707809678604
1160,30.4,32.9,1,0,0,1,1,23,Late discontinuation,0,0.7541987256977388,1.3259104874181016
1161,19.5,27.4,1,0,1,0,1,47,Late discontinuation,1,0.5598780038374451,1.786103388856012
1162,43.5,33.7,0,0,0,0,1,15,Late discontinuation,0,0.5149283928536476,1.9420175967733422
1163,25.1,28.2,0,0,0,0,1,18,Late discontinuation,0,0.40355090718120856,2.4780021112701025
1164,23.8,26.8,1,0,0,1,0,75,Early discontinuation,1,0.701018655525352,3.344690290817776
1165,37.1,24.1,1,0,0,0,0,139,Early discontinuation,0,0.6266822646970546,2.6786833451362955
1166,44.2,20.5,1,0,0,0,1,10,Late discontinuation,0,0.6324832788016329,1.5810694662073939
1167,38.9,28.7,1,0,0,0,1,5,Late discontinuation,1,0.6610081390185516,1.5128406761901223
1168,34.8,31.9,1,0,0,1,1,5,Late discontinuation,1,0.7628893324507857,1.310806112319719
1169,35.0,30.4,1,0,0,0,0,147,Early discontinuation,1,0.6563126418694778,2.9096211319481524
1170,36.3,28.5,0,0,0,0,1,38,Late discontinuation,0,0.4511948288690169,2.2163374578264565
1171,35.8,25.3,0,0,0,0,1,47,Late discontinuation,0,0.4286214065004001,2.3330612630031267
1172,33.4,34.6,1,0,0,1,1,12,Late discontinuation,0,0.7712665690030673,1.2965685797746835
1173,32.5,23.1,1,0,0,0,0,128,Early discontinuation,0,0.6023254452652462,2.5146190222479614
1174,31.7,35.7,1,0,1,0,1,2,Late discontinuation,0,0.6593554740421282,1.5166325895037718
1175,28.2,25.0,0,0,0,0,0,178,Early discontinuation,0,0.3959891695985868,1.6555994523068744
1176,30.6,26.5,1,0,0,0,0,179,Early discontinuation,0,0.6158388265566176,2.6030740978756923
1177,23.5,22.2,1,1,1,0,1,40,Late discontinuation,0,0.6179359095346401,1.618290804224483
1178,31.5,28.0,0,0,0,1,1,55,Late discontinuation,0,0.5490826382182874,1.8212194857314916
1179,27.1,36.9,0,1,0,0,1,34,Late discontinuation,0,0.5443338230076554,1.8371079615714714
1180,26.5,34.1,0,1,0,0,0,172,Early discontinuation,0,0.5237094481470328,2.0995587590591214
1181,32.9,36.9,0,0,0,0,0,166,Early discontinuation,0,0.4914997987090976,1.9665675597794323
1182,39.0,34.1,0,0,0,0,1,16,Late discontinuation,1,0.49874803843062887,2.0050204170158166
1183,36.6,24.4,0,0,1,0,1,2,Late discontinuation,0,0.4093018641549953,2.4431845725025036
1184,24.1,29.0,0,1,0,0,0,69,Early discontinuation,0,0.4805337530535272,1.925052890112113
1185,27.1,26.3,1,0,0,0,1,11,Late discontinuation,1,0.6006725364447847,1.664800601536945
1186,36.7,39.0,1,1,0,0,0,177,Early discontinuation,0,0.7699069283161182,4.346067409512751
1187,27.1,23.8,1,0,1,0,1,5,Late discontinuation,0,0.5680481645328276,1.7604141029527256
1188,30.9,36.4,0,0,0,0,0,162,Early discontinuation,0,0.4799065729731268,1.9227314709907495
1189,34.8,36.4,0,0,0,1,1,10,Late discontinuation,1,0.6155481286702936,1.624568337426675
1190,27.2,42.0,1,0,0,0,0,167,Early discontinuation,0,0.6939282796996555,3.26720808776032
1191,32.5,28.5,0,0,0,0,0,175,Early discontinuation,1,0.4355348162304315,1.7715884500118786
1192,25.3,35.3,1,0,1,0,0,103,Early discontinuation,1,0.6325410101660784,2.7213921217493264
1193,29.0,44.7,1,1,0,0,1,23,Late discontinuation,0,0.7733887030871779,1.2930108702237897
1194,33.6,27.3,0,0,0,0,0,83,Early discontinuation,0,0.4323755531514291,1.7617282087689519
1195,24.0,21.8,1,0,0,0,0,139,Early discontinuation,0,0.559560991646247,2.270461927833643
1196,34.2,19.7,0,0,0,0,0,105,Early discontinuation,0,0.38699899326728154,1.631318691187764
1197,31.9,35.3,0,0,0,0,1,54,Late discontinuation,0,0.4769299190777065,2.0967441127069852
1198,34.8,19.7,1,0,0,0,1,55,Late discontinuation,1,0.5902707479767682,1.6941378230712492
1199,33.1,28.8,0,0,0,1,0,161,Early discontinuation,0,0.5608237044385892,2.276989924334767
1200,38.8,33.6,1,0,0,0,1,20,Late discontinuation,0,0.6886141641243073,1.452192028712732
1201,32.6,32.1,0,0,1,1,1,58,Late discontinuation,1,0.5628487172244134,1.7766763419686182
1202,29.9,33.6,0,0,0,0,0,123,Early discontinuation,0,0.4576044802119151,1.8436730458074249
1203,32.6,32.3,1,0,1,0,1,33,Late discontinuation,0,0.6426682969298255,1.556012650347357
1204,34.7,38.7,1,0,0,0,1,55,Late discontinuation,0,0.7022242651921261,1.424046489943499
1205,32.2,25.3,0,0,0,0,0,165,Early discontinuation,0,0.4139650883146409,1.7063829817307843
1206,32.2,26.9,0,0,0,0,0,171,Early discontinuation,0,0.42410217992218,1.73641914439765
1207,28.5,26.4,1,0,0,0,0,92,Early discontinuation,1,0.606888224095883,2.543805760333946
1208,28.7,36.0,0,0,0,0,1,53,Late discontinuation,0,0.4681513487836553,2.1360613455417505
1209,25.0,36.4,1,0,0,0,0,164,Early discontinuation,0,0.653862890641793,2.8890285755669436
1210,40.7,33.7,1,1,0,1,1,2,Late discontinuation,0,0.8351573172239539,1.1973791995548573
1211,25.8,38.1,1,1,1,0,1,23,Late discontinuation,0,0.7176880762957591,1.3933629846009872
1212,28.5,23.9,1,0,0,0,0,129,Early discontinuation,0,0.5912620768193775,2.446555465708762
1213,28.4,41.0,0,0,0,0,1,5,Late discontinuation,0,0.4993884016976849,2.002449389293928
1214,36.5,40.1,1,1,0,0,1,18,Late discontinuation,1,0.7743562415718903,1.2913952859346343
1215,30.5,35.4,1,0,0,0,1,21,Late discontinuation,0,0.6686058146307805,1.4956495712682711
1216,38.2,41.7,0,0,0,0,0,101,Early discontinuation,0,0.5447378286832961,2.1965365519120814
1217,28.6,21.1,1,0,0,0,0,108,Early discontinuation,0,0.5739490957321887,2.347137372513145
1218,33.4,27.9,0,0,0,0,0,142,Early discontinuation,1,0.4353908116095937,1.7711366030914415
1219,27.8,26.6,0,1,0,0,1,7,Late discontinuation,0,0.48036573074655076,2.081747168862088
1220,42.7,35.3,0,0,0,0,0,137,Early discontinuation,0,0.5219891259441586,2.0920026180893525
1221,26.1,24.7,1,0,0,1,1,51,Late discontinuation,0,0.6976027289873068,1.43348063080498
1222,33.5,35.5,0,0,0,0,0,166,Early discontinuation,0,0.4848993985973707,1.941368341013347
1223,35.2,39.2,1,0,0,0,0,61,Early discontinuation,1,0.706672009554579,3.409153004735387
1224,34.1,35.2,1,1,1,0,0,177,Early discontinuation,0,0.7303021128014243,3.7078525545278396
1225,31.1,32.7,0,0,1,0,1,27,Late discontinuation,0,0.4396249145983859,2.2746663503217013
1226,31.4,25.1,0,0,0,0,0,79,Early discontinuation,0,0.4094685255291416,1.6933898415762563
1227,32.2,25.9,1,0,0,0,1,3,Late discontinuation,1,0.6184624641638317,1.616913002718785
1228,31.3,38.5,0,1,0,0,0,119,Early discontinuation,1,0.5718942361850409,2.33587137694374
1229,36.8,35.7,1,0,1,1,1,23,Late discontinuation,1,0.7740940767725081,1.2918326467105645
1230,43.1,30.8,0,0,0,0,1,7,Late discontinuation,1,0.4943940928217103,2.022677888994565
1231,29.2,28.5,0,0,0,0,0,127,Early discontinuation,0,0.4220377688810184,1.7302168656659782
1232,25.2,18.8,1,0,1,0,1,60,Late discontinuation,0,0.5279785841667042,1.8940162157870017
1233,31.6,24.6,0,0,0,1,0,70,Early discontinuation,0,0.5275086551876628,2.1164408850646295
1234,44.9,42.5,0,0,0,0,0,88,Early discontinuation,0,0.5774079164017341,2.3663481612936286
1235,28.0,23.3,0,0,1,0,0,94,Early discontinuation,1,0.3683968963830646,1.583272777276433
1236,40.2,32.1,0,0,0,1,1,15,Late discontinuation,0,0.6103923014001422,1.6382906496463996
1237,40.4,37.0,0,0,1,0,0,171,Early discontinuation,0,0.5061340425976928,2.024840920925011
1238,29.2,23.5,1,0,0,0,1,33,Late discontinuation,0,0.5915712527007788,1.6904134462832112
1239,34.8,32.1,0,0,1,0,0,166,Early discontinuation,0,0.45102987306750253,1.8215927441949171
1240,40.1,36.6,0,0,0,0,0,116,Early discontinuation,0,0.5195968336840748,2.0815849480525173
1241,30.1,31.1,1,0,1,0,0,112,Early discontinuation,0,0.6257397194934281,2.6719372909315187
1242,31.0,48.2,0,0,0,0,1,29,Late discontinuation,0,0.5568436616121673,1.7958361905472924
1243,29.1,21.0,0,0,0,0,1,50,Late discontinuation,0,0.3748934977975953,2.6674242308142118
1244,26.9,37.4,1,0,0,0,0,167,Early discontinuation,0,0.6668158875917565,3.0013435898009475
1245,28.8,30.0,1,1,0,0,1,56,Late discontinuation,0,0.6988064511662022,1.4310114028443088
1246,25.9,35.6,1,0,0,0,1,45,Late discontinuation,1,0.6525510672420537,1.5324471144096152
1247,32.2,33.6,1,1,0,0,0,77,Early discontinuation,0,0.7295014702630118,3.696877764815663
1248,28.2,26.6,0,0,0,1,0,131,Early discontinuation,0,0.5263302372175275,2.111175503637201
1249,33.2,32.4,1,0,0,0,1,6,Late discontinuation,0,0.6612562161317606,1.512273118353177
1250,24.2,19.9,0,0,0,1,0,167,Early discontinuation,0,0.46611287008515523,1.873055078438584
1251,33.7,34.6,0,0,1,0,1,19,Late discontinuation,0,0.46261616676213685,2.161619225283516
1252,36.2,32.8,0,0,0,0,1,16,Late discontinuation,0,0.4786126393953175,2.089372318423113
1253,22.0,34.8,0,0,0,0,1,2,Late discontinuation,0,0.4327381456756871,2.310866305623641
1254,33.9,37.3,0,1,0,0,0,130,Early discontinuation,0,0.5748756833875038,2.3522531196715972
1255,38.1,33.2,1,0,0,0,1,45,Late discontinuation,1,0.6838556466585141,1.4622969114699054
1256,26.0,31.9,0,1,0,0,1,39,Late discontinuation,0,0.5073248290714313,1.9711237114696787
1257,40.4,25.7,0,1,0,1,1,35,Late discontinuation,0,0.6443740329351514,1.5518936966546542
1258,34.1,26.7,0,0,1,0,0,178,Early discontinuation,1,0.4136875711521801,1.705575305584311
1259,28.5,38.1,0,0,0,0,1,9,Late discontinuation,0,0.4809461499396738,2.0792348584668625
1260,31.7,39.6,1,0,0,1,1,33,Late discontinuation,1,0.78871845238931,1.267879554447652
1261,34.8,29.6,0,1,0,0,1,13,Late discontinuation,0,0.5290673176292973,1.8901186421435168
1262,32.4,31.3,0,0,0,1,1,7,Late discontinuation,0,0.5739244751103961,1.7423895361975057
1263,34.7,25.6,0,0,0,0,0,123,Early discontinuation,0,0.4260366765797662,1.7422716037690766
1264,27.4,38.0,1,0,0,0,0,160,Early discontinuation,0,0.672118944730421,3.0498864875795118
1265,32.8,35.0,0,1,0,0,0,112,Early discontinuation,0,0.5556539476969917,2.250498220513233
1266,24.9,42.6,0,0,0,0,0,108,Early discontinuation,0,0.4951865897207882,1.9809299429008849
1267,31.4,25.7,0,0,0,0,0,121,Early discontinuation,0,0.41324973578682284,1.7043025985526978
1268,27.5,28.7,0,0,1,0,0,84,Early discontinuation,0,0.3996535392803884,1.6657048311758837
1269,28.3,32.4,0,1,0,0,1,36,Late discontinuation,0,0.5201701295144854,1.9224479516603088
1270,38.2,34.9,1,0,0,0,1,21,Late discontinuation,1,0.6936974186659307,1.4415507007696937
1271,37.5,29.7,1,0,0,0,1,44,Late discontinuation,0,0.6616008568517922,1.511485345950835
1272,35.0,25.8,1,0,0,0,0,90,Early discontinuation,0,0.6288261863022894,2.694155576434103
1273,26.5,36.3,0,1,1,0,0,89,Early discontinuation,0,0.5207021605098471,2.086385369614304
1274,30.4,35.3,0,0,0,0,0,163,Early discontinuation,0,0.4706847159220717,1.8892331849854072
1275,38.1,25.5,0,1,0,0,0,70,Early discontinuation,0,0.5161950641440627,2.066948734681306
1276,32.7,39.1,1,0,1,0,1,30,Late discontinuation,0,0.6825709724400619,1.4650491163214712
1277,43.6,38.0,1,0,0,0,1,13,Late discontinuation,1,0.7287565901467556,1.3722002840463121
1278,34.0,31.8,1,0,0,0,1,9,Late discontinuation,0,0.660750748056083,1.5134299929920356
1279,33.0,31.5,0,1,0,0,1,29,Late discontinuation,0,0.5338955328566369,1.8730255985650337
1280,30.5,34.3,0,0,0,0,0,101,Early discontinuation,0,0.4646212293563689,1.8678364829404843
1281,32.7,25.8,0,1,0,0,0,178,Early discontinuation,0,0.49560791175516644,1.9825846267330756
1282,31.2,31.2,1,0,0,0,1,39,Late discontinuation,0,0.6466317149381561,1.5464753381229377
1283,35.5,18.1,1,0,0,0,1,14,Late discontinuation,0,0.5830077402786585,1.7152430935514387
1284,36.8,36.3,1,0,0,0,1,13,Late discontinuation,0,0.6964646983311585,1.4358229532611788
1285,28.1,21.6,0,0,0,0,1,30,Late discontinuation,0,0.3746394483564376,2.669233056975316
1286,25.3,40.0,0,0,0,0,1,28,Late discontinuation,0,0.4799501729365234,2.0835496190815137
1287,22.8,29.0,1,0,0,0,0,160,Early discontinuation,0,0.6003033315077595,2.5018972606708467
1288,34.5,29.7,1,0,0,0,0,160,Early discontinuation,0,0.6502950932717798,2.8595538145456136
1289,26.5,27.2,0,1,1,0,1,8,Late discontinuation,0,0.46158032459508525,2.16647016069681
1290,21.2,29.3,0,0,1,0,1,19,Late discontinuation,1,0.3783628963670062,2.6429652843919857
1291,33.9,39.5,0,0,1,0,0,69,Early discontinuation,0,0.4952634800781595,1.9812317130427812
1292,44.5,16.1,0,0,1,0,1,57,Late discontinuation,0,0.38913727507987045,2.569787229441718
1293,32.0,38.7,0,0,0,0,1,14,Late discontinuation,0,0.4994532784670146,2.0021892799849605
1294,36.2,33.0,1,0,0,0,1,23,Late discontinuation,0,0.6758167110005397,1.4796911406933253
1295,32.4,23.8,0,0,0,0,1,48,Late discontinuation,0,0.40533194564773006,2.4671137094856324
1296,31.5,24.5,0,0,0,0,1,56,Late discontinuation,0,0.40610070143307364,2.462443419750661
1297,36.6,41.1,0,0,0,0,0,63,Early discontinuation,1,0.5342203166065064,2.1469377812153168
1298,30.5,25.3,1,0,0,0,0,111,Early discontinuation,0,0.6080258939376474,2.5511889294057775
1299,33.3,24.1,1,0,0,0,0,68,Early discontinuation,0,0.6117205042841164,2.5754643524409326
1300,33.6,37.8,0,0,1,0,0,174,Early discontinuation,0,0.48295632333299265,1.9340725844405442
1301,28.7,33.0,1,0,0,0,0,130,Early discontinuation,0,0.6477955751960217,2.839260184072238
1302,37.0,25.4,1,0,0,0,1,2,Late discontinuation,0,0.6341759142530836,1.576849542098701
1303,31.1,32.3,0,0,1,1,0,176,Early discontinuation,0,0.5579600039127167,2.2622387314530346
1304,28.2,24.8,0,0,0,0,1,45,Late discontinuation,0,0.3947448486183735,2.5332819503536257
1305,34.7,37.6,1,0,0,0,0,118,Early discontinuation,0,0.6962033840503584,3.2916759025576625
1306,27.5,37.4,1,0,0,0,1,2,Late discontinuation,1,0.669038312018644,1.4946827140328744
1307,32.1,34.2,1,0,0,0,1,35,Late discontinuation,0,0.6676054240811584,1.4978907659061105
1308,32.0,33.2,1,0,0,1,1,24,Late discontinuation,0,0.7605432645899508,1.314849590495227
1309,37.4,41.6,1,0,0,0,0,72,Early discontinuation,0,0.7268060938911827,3.660403755864469
1310,34.4,31.0,0,0,0,0,1,35,Late discontinuation,0,0.45946200946111404,2.176458508882732
1311,31.9,23.9,0,0,0,0,0,165,Early discontinuation,0,0.4039473748580604,1.677704212378676
1312,36.1,33.7,0,1,1,0,1,50,Late discontinuation,1,0.5437645190405188,1.8390313545365482
1313,39.0,43.5,0,0,1,0,0,143,Early discontinuation,0,0.5424792712960295,2.185693318929446
1314,34.8,24.9,1,0,0,0,0,77,Early discontinuation,0,0.6225582355538535,2.649415338197637
1315,32.1,28.8,1,1,0,0,0,114,Early discontinuation,0,0.7038082840586869,3.376191656211405
1316,25.4,33.5,1,0,1,0,1,16,Late discontinuation,0,0.6219789114604058,1.6077715523376845
1317,26.7,30.7,0,0,1,1,1,41,Late discontinuation,0,0.5294073624510387,1.8889045958299895
1318,30.5,25.1,1,0,1,0,1,23,Late discontinuation,0,0.5901307447786194,1.6945397419941886
1319,29.0,37.7,0,0,1,0,1,16,Late discontinuation,0,0.4631610288562802,2.159076298948075
1320,31.1,44.9,0,0,0,1,0,138,Early discontinuation,0,0.652518337302413,2.8778497035980264
1321,32.3,32.2,1,1,0,0,1,19,Late discontinuation,1,0.7225865194266039,1.38391732078469
1322,34.6,25.6,1,0,0,0,0,114,Early discontinuation,0,0.6260479128795194,2.6741393735765357
1323,31.6,21.7,1,0,0,0,1,5,Late discontinuation,0,0.5899351634953621,1.695101532980347
1324,34.4,32.5,0,0,0,0,0,145,Early discontinuation,0,0.4691718061096591,1.8838486943792232
1325,32.3,37.6,0,0,0,0,0,72,Early discontinuation,0,0.49354893082007645,1.9745244128307617
1326,22.1,33.9,0,0,0,0,0,148,Early discontinuation,0,0.4274061816136566,1.7464386933448781
1327,27.3,31.0,0,1,0,0,0,158,Early discontinuation,0,0.5068965000848163,2.0279718155965334
1328,31.3,27.5,1,1,0,0,1,45,Late discontinuation,1,0.6938764390589625,1.4411787801243163
1329,26.0,24.4,1,0,0,0,1,4,Late discontinuation,1,0.5842994581136574,1.7114511850282788
1330,35.0,36.0,1,1,0,0,1,4,Late discontinuation,1,0.7505068536817123,1.332432868659847
1331,39.7,36.5,0,0,0,0,0,108,Early discontinuation,0,0.5172793467899935,2.0715914957236197
1332,38.1,21.7,1,0,0,0,0,68,Early discontinuation,0,0.6159154182334359,2.603593186169009
1333,30.9,40.5,0,0,1,1,1,54,Late discontinuation,0,0.6089644966915368,1.6421318573298325
1334,39.5,34.4,1,0,0,0,1,57,Late discontinuation,0,0.6955422088901576,1.4377272683359514
1335,32.7,39.4,0,0,0,0,1,14,Late discontinuation,0,0.506929902577169,1.9726593261043068
1336,30.3,22.9,0,0,0,0,0,112,Early discontinuation,0,0.3913144335542635,1.6428843644827065
1337,28.9,22.8,0,0,0,1,1,32,Late discontinuation,0,0.5045521060500603,1.9819558535363297
1338,30.5,30.1,1,0,0,1,1,56,Late discontinuation,0,0.7407613035221983,1.34996252537108
1339,30.1,34.0,0,0,0,0,1,29,Late discontinuation,1,0.46101931651599265,2.1691065085020362
1340,32.9,41.8,0,1,0,0,0,139,Early discontinuation,0,0.5992137336248057,2.4950954758111754
1341,32.8,35.2,1,0,0,0,1,22,Late discontinuation,1,0.6759213956320014,1.4794619706703884
1342,32.0,29.5,0,0,0,1,0,156,Early discontinuation,0,0.5607863676805654,2.276796361531676
1343,34.2,24.8,0,0,1,0,0,122,Early discontinuation,0,0.4021483674274992,1.6726557987256667
1344,38.0,38.4,0,0,0,0,0,167,Early discontinuation,0,0.5225359201636758,2.094398389807255
1345,36.7,25.2,0,0,0,0,1,35,Late discontinuation,0,0.43166758158065255,2.3165974065929724
1346,24.6,40.8,1,0,0,0,1,47,Late discontinuation,0,0.6778476398526669,1.4752577735866341
1347,19.2,29.3,1,0,0,0,0,101,Early discontinuation,0,0.5876883465797782,2.4253498335658614
1348,36.7,40.5,0,0,0,0,1,21,Late discontinuation,0,0.5307486179311955,1.8841311427204444
1349,25.2,35.1,1,0,0,1,0,159,Early discontinuation,0,0.7486735805886202,3.978889296008174
1350,30.9,30.2,0,0,0,0,0,115,Early discontinuation,0,0.43984790785683764,1.7852294296964302
1351,26.1,27.9,0,0,0,0,1,28,Late discontinuation,0,0.4056930295934945,2.4649178739945388
1352,23.0,29.0,0,0,0,0,0,161,Early discontinuation,0,0.4001259978114025,1.6670167341001132
1353,34.7,33.6,0,0,0,0,0,107,Early discontinuation,0,0.47755743580216004,1.9140860039522303
1354,35.8,31.5,0,0,0,0,1,47,Late discontinuation,0,0.4685128031313209,2.1344133891677384
1355,29.1,27.4,1,0,0,0,0,62,Early discontinuation,0,0.6154539966719562,2.600469102124388
1356,19.0,30.0,1,1,0,0,1,9,Late discontinuation,1,0.6632835707855416,1.5076507907706467
1357,29.3,31.5,0,0,0,0,0,177,Early discontinuation,1,0.44160144937217843,1.7908355938167728
1358,34.0,18.2,1,0,0,0,1,24,Late discontinuation,0,0.5775406344651082,1.731479899983409
1359,24.6,33.7,1,0,0,1,0,108,Early discontinuation,0,0.7398316819947676,3.84366554570218
1360,32.9,25.1,1,0,0,0,0,129,Early discontinuation,0,0.6163055349982021,2.6062403584459166
1361,31.9,24.1,1,0,0,0,1,31,Late discontinuation,0,0.6061530580565072,1.6497483378311644
1362,34.9,20.9,0,1,0,0,1,27,Late discontinuation,0,0.47293715947938053,2.1144458200341494
1363,32.6,20.2,1,1,1,0,0,139,Early discontinuation,0,0.6412315231385253,2.787312889772401
1364,27.1,22.9,1,0,0,1,1,6,Late discontinuation,1,0.6912054562864748,1.4467478387287835
1365,38.0,26.7,1,0,0,0,0,106,Early discontinuation,0,0.6458182145605091,2.8234088852399273
1366,31.2,42.7,0,0,0,0,1,55,Late discontinuation,1,0.5221250164563221,1.915250119189901
1367,31.9,27.8,0,0,0,0,1,15,Late discontinuation,0,0.42860567185925325,2.3331469125503848
1368,27.3,32.1,0,0,0,0,0,76,Early discontinuation,0,0.4372207309630058,1.776895587698461
1369,29.8,33.4,0,0,0,0,0,154,Early discontinuation,0,0.45589853447709117,1.8378924949943845
1370,27.6,31.8,0,0,0,0,0,100,Early discontinuation,0,0.43653241009303667,1.7747249671717844
1371,31.1,30.5,1,0,1,1,1,22,Late discontinuation,1,0.7312647881298742,1.367493712581711
1372,40.6,23.8,0,0,1,0,1,7,Late discontinuation,0,0.4217318026708771,2.3711752200495253
1373,25.1,39.7,1,0,0,0,1,1,Late discontinuation,0,0.6734034699997798,1.4849938328953471
1374,23.9,41.8,0,0,0,0,1,30,Late discontinuation,0,0.48581003564228614,2.0584177489827002
1375,39.4,20.9,1,0,0,0,0,159,Early discontinuation,1,0.6161256910607693,2.605019342824282
1376,31.0,24.9,0,1,0,1,1,51,Late discontinuation,1,0.6026692806571314,1.6592848384600452
1377,28.7,29.3,0,0,0,0,0,173,Early discontinuation,0,0.4250826355744326,1.7393804081724977
1378,37.2,25.2,1,0,1,0,0,118,Early discontinuation,0,0.6175112383110235,2.6144559008328647
1379,29.0,34.0,1,0,0,0,0,148,Early discontinuation,0,0.6548437793394876,2.8972388157638815
1380,41.1,26.6,1,0,1,0,1,31,Late discontinuation,0,0.6411972526178874,1.559582477805681
1381,35.4,44.0,0,0,0,0,1,28,Late discontinuation,1,0.5479847668373637,1.824868245464914
1382,29.6,38.1,0,0,1,0,0,149,Early discontinuation,0,0.46824455824657013,1.8805637356574358
1383,42.8,32.3,1,1,0,0,1,7,Late discontinuation,1,0.7568119635701642,1.3213321777877653
1384,29.0,37.2,0,0,0,0,0,149,Early discontinuation,0,0.4771843737958125,1.9127201825628803
1385,35.7,37.6,1,0,0,0,1,1,Late discontinuation,0,0.6997238714499876,1.429135178606629
1386,33.5,27.6,0,0,0,0,0,163,Early discontinuation,0,0.4338825705568681,1.766417969119343
1387,38.5,26.1,0,1,0,0,1,50,Late discontinuation,0,0.5217608955355619,1.9165867134859715
1388,39.8,31.5,0,0,0,0,1,48,Late discontinuation,0,0.4851753493763285,2.061110485694411
1389,32.2,36.2,0,1,0,0,0,77,Early discontinuation,0,0.5608847427525878,2.2773064326402275
1390,28.2,31.8,1,1,0,0,0,91,Early discontinuation,0,0.7065004853907009,3.407160660320616
1391,34.3,21.5,1,0,1,1,1,28,Late discontinuation,1,0.694290084325676,1.4403201523052753
1392,28.6,26.2,0,1,1,0,0,130,Early discontinuation,0,0.46382865579883104,1.8650754293664837
1393,42.1,30.6,1,1,0,0,0,163,Early discontinuation,0,0.7463700894386884,3.942752642174132
1394,32.7,30.5,0,0,0,0,0,149,Early discontinuation,0,0.44919800152071143,1.8155344438852872
1395,30.2,42.8,0,0,0,0,1,21,Late discontinuation,0,0.5186065519411549,1.9282440537185264
1396,32.9,22.7,0,0,0,0,1,5,Late discontinuation,0,0.4004535087289768,2.4971687804008997
1397,25.3,34.0,1,0,0,0,1,42,Late discontinuation,0,0.6407474723051672,1.5606772452841338
1398,27.1,39.9,1,0,0,0,1,33,Late discontinuation,0,0.6818364337019661,1.4666274058876483
1399,38.0,44.6,1,0,0,0,0,94,Early discontinuation,1,0.7439452957077304,3.9054154570757884
1400,28.7,28.6,1,0,1,0,0,78,Early discontinuation,0,0.6048076021660257,2.530413048127797
1401,26.8,33.9,1,0,0,0,1,11,Late discontinuation,0,0.6458981226813877,1.548231779724936
1402,34.7,34.4,1,0,0,0,0,123,Early discontinuation,0,0.6783064095702279,3.1085481021366723
1403,37.9,32.2,1,1,0,0,1,15,Late discontinuation,0,0.740937633916443,1.3496412575431038
1404,35.6,30.4,1,0,0,0,1,24,Late discontinuation,0,0.6585692530624749,1.518443193862765
1405,37.0,33.6,0,0,0,0,1,21,Late discontinuation,0,0.4871476335537847,2.0527657964894797
1406,28.2,15.8,0,0,0,0,1,26,Late discontinuation,0,0.34036992863656124,2.9379798738559417
1407,24.9,35.1,0,0,0,0,0,87,Early discontinuation,0,0.44659187822997354,1.8069846839283628
1408,39.5,31.8,0,1,0,0,1,11,Late discontinuation,0,0.5627050656649476,1.7771299051987417
1409,30.4,29.7,1,0,0,0,1,52,Late discontinuation,0,0.6345686152368799,1.5758737132417229
1410,30.7,43.3,0,0,0,0,0,145,Early discontinuation,0,0.5239375971094141,2.100564955199437
1411,38.6,27.0,1,1,0,0,1,44,Late discontinuation,1,0.7165071727525081,1.3956594407260936
1412,34.8,28.6,0,1,0,0,1,46,Late discontinuation,0,0.5225782194586069,1.9135891293670906
1413,34.3,42.9,0,0,0,0,1,15,Late discontinuation,0,0.5363191433711555,1.864561450695706
1414,42.8,26.0,0,0,0,0,0,163,Early discontinuation,0,0.46198346044780647,1.8586789187416588
1415,28.8,27.7,1,0,0,0,1,11,Late discontinuation,0,0.6161159570718456,1.6230710932282986
1416,36.6,30.1,0,0,1,0,1,48,Late discontinuation,0,0.4455905649956245,2.2442126888611735
1417,32.3,36.0,0,0,0,0,0,107,Early discontinuation,0,0.48314449002147136,1.9347767039216481
1418,33.3,32.2,1,0,0,0,1,21,Late discontinuation,0,0.6604638832613382,1.5140873336813652
1419,39.6,23.2,1,1,0,0,0,167,Early discontinuation,0,0.6995176213206934,3.3279821745130085
1420,34.5,27.8,0,0,0,0,1,53,Late discontinuation,0,0.43927068983565737,2.276500625102317
1421,34.7,27.4,0,0,0,0,0,159,Early discontinuation,0,0.437529898959064,1.7778722782763898
1422,37.4,30.5,0,1,0,0,1,32,Late discontinuation,1,0.5456832114059714,1.8325650837295615
1423,30.2,33.6,1,0,0,0,0,144,Early discontinuation,0,0.6570169999018225,2.9155963989869877
1424,27.8,33.5,0,1,0,1,1,41,Late discontinuation,1,0.6426730680553205,1.5560010987015893
1425,26.8,20.3,0,1,0,0,1,18,Late discontinuation,0,0.4355499661229119,2.2959478309723957
1426,22.2,37.4,0,0,0,0,0,118,Early discontinuation,1,0.450245167995998,1.8189926523332867
1427,42.3,32.5,0,0,0,0,0,75,Early discontinuation,0,0.5021149874273704,2.008495887098276
1428,26.5,39.3,1,0,0,0,1,24,Late discontinuation,0,0.6762494103147146,1.4787443578466375
1429,30.9,33.7,0,0,0,0,1,33,Late discontinuation,0,0.46239919630531473,2.1626335166458985
1430,30.6,37.6,0,0,0,0,0,107,Early discontinuation,0,0.48645442086739316,1.9472468280011843
1431,33.5,33.8,0,0,0,0,0,123,Early discontinuation,0,0.47385753935227676,1.9006259231937306
1432,36.1,39.1,0,1,0,0,1,59,Late discontinuation,0,0.5951650079300277,1.6802063069500348
1433,36.3,34.1,0,0,0,0,0,163,Early discontinuation,1,0.48747820661457986,1.9511365426913518
1434,29.1,30.4,1,0,0,1,1,22,Late discontinuation,0,0.7377597502599437,1.355454807134244
1435,31.2,44.6,1,0,0,0,0,103,Early discontinuation,0,0.7217214997650551,3.5935223136380285
1436,33.4,36.3,1,0,0,1,1,43,Late discontinuation,0,0.7789781267882556,1.2837330928957178
1437,30.8,34.4,1,1,0,0,0,89,Early discontinuation,0,0.7289962190275252,3.689985417958311
1438,40.0,23.3,1,0,0,0,0,167,Early discontinuation,0,0.6331184754664403,2.725675546816823
1439,34.5,23.3,0,0,0,0,1,53,Late discontinuation,0,0.41065936721055907,2.4351082182602837
1440,35.7,32.8,1,0,0,1,0,63,Early discontinuation,1,0.7697747013226346,4.343571300569302
1441,35.3,31.9,1,0,0,0,1,35,Late discontinuation,0,0.6661791396141031,1.5010977386341893
1442,37.9,27.3,1,0,0,0,1,4,Late discontinuation,0,0.6490015913653162,1.5408282711545933
1443,32.9,31.8,0,0,0,0,0,120,Early discontinuation,0,0.45841190558379313,1.8464216815510475
1444,25.5,40.5,0,0,0,0,1,5,Late discontinuation,1,0.48403311549842143,2.065974347582136
1445,34.0,35.2,1,1,0,0,1,44,Late discontinuation,1,0.7434153870610888,1.3451429946227718
1446,28.7,24.2,1,1,0,1,1,35,Late discontinuation,1,0.7640441274391605,1.3088249278895587
1447,29.4,30.3,1,0,0,0,0,86,Early discontinuation,0,0.6343171586448072,2.7346101236089613
1448,34.9,26.2,0,1,0,0,0,131,Early discontinuation,0,0.5073948352237644,2.0300233767428058
1449,38.2,28.7,0,0,0,0,1,9,Late discontinuation,0,0.4603560968134733,2.172231468035014
1450,32.1,28.5,0,0,0,0,1,51,Late discontinuation,0,0.43389329726666076,2.304714099755782
1451,33.5,28.1,1,0,1,0,0,107,Early discontinuation,0,0.6207385582747013,2.636703576959732
1452,40.5,23.5,0,0,0,0,0,136,Early discontinuation,0,0.4363877121567296,1.774269336509002
1453,33.2,30.2,0,0,0,0,0,156,Early discontinuation,0,0.449332132947386,1.8159766709330332
1454,45.0,27.6,1,0,0,0,1,38,Late discontinuation,1,0.6772212196710742,1.4766223664487348
1455,34.8,13.4,0,0,0,0,0,91,Early discontinuation,0,0.3511724685454305,1.5412416266587161
1456,23.2,43.3,1,0,0,0,1,2,Late discontinuation,1,0.6868822366275371,1.4558536335279426
1457,35.8,37.5,0,0,1,0,1,46,Late discontinuation,1,0.4901839729085346,2.0400503795879796
1458,33.9,28.7,1,0,0,0,1,30,Late discontinuation,0,0.6420540378564915,1.5575013021310748
1459,38.4,31.1,1,1,0,0,1,26,Late discontinuation,0,0.7370261530672237,1.3568039557868858
1460,35.4,24.0,1,0,0,0,0,167,Early discontinuation,0,0.6194035274852493,2.6274547249284956
1461,31.3,41.2,1,0,1,0,1,60,Late discontinuation,0,0.6893082594376068,1.4507297516148734
1462,25.9,42.4,0,0,0,0,1,22,Late discontinuation,0,0.49806012246345455,2.0077897323999787
1463,31.0,31.9,0,0,0,0,1,12,Late discontinuation,0,0.45118973342208485,2.216362487717572
1464,27.7,37.1,0,0,0,0,0,109,Early discontinuation,0,0.47112256138121955,1.890797237657946
1465,29.1,32.1,1,0,0,0,1,26,Late discontinuation,0,0.6439660288492377,1.5528769456783182
1466,34.9,23.0,1,1,0,0,1,50,Late discontinuation,0,0.6816374300977013,1.4670555868046549
1467,40.3,28.5,0,0,0,0,1,19,Late discontinuation,0,0.4677835526623544,2.1377408297247227
1468,34.0,31.8,1,1,0,0,1,45,Late discontinuation,1,0.7261761215729776,1.3770764010167253
1469,26.0,28.3,0,0,0,0,0,137,Early discontinuation,0,0.4078021385378997,1.6886248078151804
1470,34.2,29.7,1,0,0,0,1,12,Late discontinuation,0,0.6491549113457742,1.5404643522250843
1471,38.0,30.5,1,1,0,1,1,43,Late discontinuation,1,0.8167160600470501,1.224415741184753
1472,29.0,30.5,0,0,0,0,0,71,Early discontinuation,0,0.43396271354771304,1.7666680692850314
1473,31.3,31.3,0,0,1,0,0,107,Early discontinuation,0,0.4314883911359932,1.7589790329843717
1474,32.1,24.6,0,0,0,0,0,105,Early discontinuation,0,0.4091486222678487,1.6924729935271923
1475,28.1,26.7,1,1,1,0,1,40,Late discontinuation,1,0.6625623319051955,1.5092919591799066
1476,35.2,23.3,0,0,1,0,0,110,Early discontinuation,0,0.39678936575656726,1.6577957072229572
1477,31.4,36.9,0,0,0,0,1,2,Late discontinuation,1,0.4852407975515351,2.0608324877996163
1478,34.1,18.4,0,0,0,0,0,109,Early discontinuation,0,0.37861087966184465,1.6092975677717165
1479,27.6,37.9,0,1,0,0,1,9,Late discontinuation,0,0.5528464808291335,1.8088204133998402
1480,29.8,39.3,0,0,0,0,1,0,Late discontinuation,0,0.4941725115893217,2.023584834340285
1481,35.6,29.2,1,0,0,0,0,121,Early discontinuation,0,0.6515123133610187,2.869541847072371
1482,30.1,15.4,0,0,0,0,1,59,Late discontinuation,0,0.34517268152308606,2.897100649991959
1483,40.6,28.8,1,0,0,0,1,57,Late discontinuation,1,0.6679177907771549,1.497190243782025
1484,30.0,30.6,1,0,0,0,1,12,Late discontinuation,1,0.6384424896787319,1.5663117918470717
1485,33.1,24.9,0,0,0,0,0,180,Early discontinuation,1,0.41508620324402223,1.7096536370763598
1486,36.7,27.9,0,0,1,0,0,131,Early discontinuation,0,0.43190314635023375,1.7602632254965869
1487,24.9,40.2,1,0,0,0,1,1,Late discontinuation,1,0.6755273091102132,1.4803250535010548
1488,23.2,35.0,1,1,1,0,1,1,Late discontinuation,0,0.6918796368283191,1.4453381004016121
1489,24.4,25.5,0,0,0,0,1,38,Late discontinuation,0,0.38398877047889235,2.604242823957711
1490,38.3,21.4,0,1,1,0,0,84,Early discontinuation,0,0.4730573755401813,1.8977398175467841
1491,29.2,29.0,0,0,0,0,0,92,Early discontinuation,0,0.42521512514411797,1.7397813403679658
1492,44.8,29.7,1,1,0,1,0,151,Early discontinuation,1,0.8301926878465564,5.889027906503617
1493,29.2,34.0,0,0,0,0,0,156,Early discontinuation,1,0.4572869287168614,1.8425942784751732
1494,32.9,27.8,0,0,0,0,0,119,Early discontinuation,0,0.43270031738626785,1.7627367521037174
1495,39.7,34.1,1,1,1,0,0,156,Early discontinuation,1,0.7428905155247829,3.8893936644970033
1496,42.0,42.6,1,1,0,0,0,156,Early discontinuation,0,0.8005905812884698,5.014808259616968
1497,42.3,35.9,0,0,1,0,1,36,Late discontinuation,0,0.5069091743089952,1.9727399910707335
1498,38.0,30.7,0,0,0,0,0,135,Early discontinuation,0,0.47247864606944234,1.8956578583009152
1499,37.1,29.9,1,0,0,1,1,23,Late discontinuation,0,0.760412700661571,1.3150753520160623
1500,35.0,28.9,0,0,0,0,1,12,Late discontinuation,0,0.44839845844141324,2.230159317397961
1501,35.9,38.1,0,0,0,0,0,163,Early discontinuation,0,0.5118295680927056,2.048464910283432
1502,29.2,27.2,1,0,0,0,0,65,Early discontinuation,0,0.6146169684268074,2.5948210431524363
1503,27.9,31.3,0,1,1,0,1,18,Late discontinuation,0,0.49402653431188476,2.0241827726781336
1504,32.0,31.3,1,0,1,0,1,40,Late discontinuation,0,0.6343485705813248,1.576420356845114
1505,31.1,28.0,1,0,1,0,0,178,Early discontinuation,0,0.6106396552214871,2.568314964300868
1506,29.7,22.8,0,0,1,0,0,95,Early discontinuation,0,0.37198195905492715,1.5923109445950792
1507,35.5,32.9,0,0,0,0,0,172,Early discontinuation,0,0.4763454203543948,1.9096557900377233
1508,36.8,30.6,1,0,0,0,1,43,Late discontinuation,0,0.6642228376906203,1.5055188458692788
1509,32.4,34.0,1,0,0,0,1,13,Late discontinuation,0,0.6675620929981011,1.4979879931601277
1510,39.4,27.8,1,0,1,1,1,39,Late discontinuation,0,0.744480463889961,1.3432185913582366
1511,26.3,38.3,1,1,0,0,1,47,Late discontinuation,0,0.7341709018202298,1.362080678382513
1512,31.0,25.7,0,0,0,0,0,158,Early discontinuation,0,0.41163095840610836,1.6996135576593225
1513,28.4,41.3,1,0,0,0,0,172,Early discontinuation,0,0.6943150319159207,3.2713417551004595
1514,22.7,20.5,0,0,0,0,0,141,Early discontinuation,0,0.34724468914809625,1.5319676199875127
1515,31.6,33.6,0,1,0,0,0,70,Early discontinuation,0,0.5416694977073852,2.1818316585911264
1516,31.4,33.9,0,0,1,0,0,142,Early discontinuation,0,0.44857175476824607,1.8134725753478962
1517,39.6,26.2,0,0,0,1,1,59,Late discontinuation,1,0.5708664495632004,1.7517231933408453
1518,35.2,33.5,1,0,0,0,1,49,Late discontinuation,0,0.6750084454070738,1.4814629458405297
1519,26.9,38.7,0,1,0,0,0,86,Early discontinuation,0,0.5551026254591465,2.247709375745424
1520,41.3,17.7,0,0,0,0,1,4,Late discontinuation,0,0.40289249820741263,2.482051674948763
1521,38.1,34.0,0,0,0,0,1,41,Late discontinuation,0,0.49434014039800656,2.0228986446353985
1522,34.9,16.0,1,1,0,0,1,31,Late discontinuation,0,0.6408657528829929,1.5603892008605689
1523,30.9,25.2,1,0,1,0,1,5,Late discontinuation,1,0.5923740910192226,1.6881224468805305
1524,27.2,40.8,0,0,0,0,0,63,Early discontinuation,1,0.4930775578294715,1.9726883578446905
1525,30.1,27.5,0,0,0,0,1,13,Late discontinuation,0,0.41935786728680857,2.384598163067433
1526,37.4,24.0,0,0,0,0,1,5,Late discontinuation,0,0.42688000458586445,2.3425786854789443
1527,41.4,29.8,1,0,0,0,1,13,Late discontinuation,0,0.6765952630323364,1.477988473519962
1528,39.7,43.4,1,0,0,0,0,77,Early discontinuation,1,0.7434036322282706,3.8971712993599716
1529,29.6,20.0,0,0,0,0,0,133,Early discontinuation,0,0.37076035249113204,1.5892196303251964
1530,26.4,24.7,1,0,0,0,1,53,Late discontinuation,0,0.5878141037335465,1.7012181124073462
1531,32.7,40.0,0,1,0,0,1,25,Late discontinuation,0,0.5871032067636334,1.7032780412023845
1532,23.2,42.1,1,0,1,0,1,11,Late discontinuation,0,0.6648629832942903,1.50406929717332
1533,33.6,30.4,0,0,0,0,1,7,Late discontinuation,0,0.45227465952716545,2.211045830083558
1534,31.3,23.6,0,0,0,0,1,9,Late discontinuation,0,0.3996623553271562,2.5021120620214994
1535,29.7,43.6,0,0,0,0,0,148,Early discontinuation,1,0.5217192175657328,2.090822037444993
1536,24.0,40.6,0,0,1,0,0,133,Early discontinuation,1,0.46116659529805953,1.8558611832040313
1537,34.6,35.1,1,0,0,0,1,25,Late discontinuation,1,0.6819066636606366,1.4664763570893458
1538,29.3,26.1,0,1,1,0,1,7,Late discontinuation,1,0.46608932577797246,2.1455114817977243
1539,26.2,30.7,1,0,0,0,1,40,Late discontinuation,0,0.6242796701529447,1.601846172173132
1540,17.6,30.0,1,1,0,0,0,145,Early discontinuation,0,0.6580421707506346,2.924337197352986
1541,31.9,33.0,0,1,0,0,0,94,Early discontinuation,0,0.5390353406434996,2.169363702189197
1542,40.9,39.7,0,0,0,0,0,87,Early discontinuation,0,0.5430105907702729,2.188234518794512
1543,40.3,36.3,0,0,0,1,1,16,Late discontinuation,0,0.6364390012075392,1.571242488443768
1544,29.7,24.5,1,1,0,0,0,131,Early discontinuation,0,0.6711755422290592,3.0411363156465696
1545,29.0,39.3,0,1,1,0,1,16,Late discontinuation,0,0.55049833159882,1.8165359322628392
1546,34.3,32.9,0,0,1,0,0,128,Early discontinuation,0,0.4541195593175362,1.8319029689904123
1547,27.0,35.1,0,0,0,0,1,59,Late discontinuation,0,0.45527467672604477,2.1964762178102344
1548,33.5,39.8,1,0,0,0,1,0,Late discontinuation,0,0.7040171232240512,1.420419996917821
1549,35.8,24.3,0,1,0,0,1,58,Late discontinuation,1,0.49879042373546184,2.004850038039943
1550,38.1,30.8,0,0,0,0,0,104,Early discontinuation,0,0.47354368609084346,1.8994928421972666
1551,31.5,27.8,0,0,0,1,0,166,Early discontinuation,1,0.5477935427178371,2.211379302299593
1552,31.0,21.6,0,1,1,0,1,13,Late discontinuation,0,0.4440899941820551,2.251795836656588
1553,27.6,33.1,1,0,1,0,1,16,Late discontinuation,0,0.6281493268064069,1.5919781448849597
1554,27.9,46.1,0,0,0,0,1,12,Late discontinuation,1,0.5304465755331144,1.885203988723974
1555,30.9,20.0,1,0,0,0,1,28,Late discontinuation,0,0.5763391168100783,1.7350895867259537
1556,33.8,30.8,1,1,0,1,1,33,Late discontinuation,0,0.8072007860432892,1.2388491404991908
1557,36.6,34.8,1,0,0,0,1,26,Late discontinuation,0,0.6874317987024211,1.4546897625154593
1558,28.0,31.7,1,0,0,0,1,45,Late discontinuation,0,0.6373404454529175,1.5690201479201016
1559,39.5,30.3,0,0,0,0,1,32,Late discontinuation,1,0.4761288163209124,2.100271955239098
1560,30.6,23.2,0,0,0,0,1,28,Late discontinuation,0,0.39437169727205396,2.535678921477366
1561,31.9,32.4,1,0,0,0,1,36,Late discontinuation,1,0.65637638408208,1.5235161170499238
1562,28.3,26.5,0,0,0,0,1,38,Late discontinuation,0,0.4057661297199923,2.4644738107886717
1563,19.9,17.9,1,0,0,0,0,115,Early discontinuation,0,0.5173452292718641,2.0718742684163134
1564,36.4,38.2,0,1,1,0,1,45,Late discontinuation,0,0.5738642692113176,1.7425723357447156
1565,35.7,36.8,1,1,0,0,1,23,Late discontinuation,1,0.7565446929865066,1.321798975355228
1566,30.6,31.3,1,0,0,0,1,13,Late discontinuation,0,0.6449350225313736,1.5505437990869133
1567,32.3,32.4,0,0,0,0,1,46,Late discontinuation,0,0.4598014857255595,2.1748516067146144
1568,34.6,37.4,0,0,0,0,1,36,Late discontinuation,0,0.5018497110606923,1.992628426319972
1569,24.2,32.3,1,1,0,0,1,4,Late discontinuation,0,0.6952249083379115,1.4383834468628585
1570,29.4,36.4,1,0,1,0,0,72,Early discontinuation,0,0.6548058617913153,2.8969205711003614
1571,36.0,29.2,0,0,0,0,1,52,Late discontinuation,0,0.4544675167939504,2.200377283407445
1572,25.7,38.9,1,0,1,1,1,23,Late discontinuation,0,0.7557446576576556,1.3231982388064587
1573,33.5,32.9,0,0,0,0,1,33,Late discontinuation,0,0.4680214975873574,2.136653989517538
1574,25.2,32.2,0,0,0,0,0,94,Early discontinuation,0,0.4292488360474317,1.7520770226289086
1575,34.3,23.4,1,0,1,0,0,168,Early discontinuation,0,0.5947702713439008,2.467736025479652
1576,31.8,32.7,1,0,0,0,1,29,Late discontinuation,0,0.6577594250840205,1.5203126885977538
1577,23.9,26.0,1,0,1,0,0,99,Early discontinuation,0,0.5689847022848769,2.3201032661744265
1578,37.8,27.2,1,0,0,1,1,55,Late discontinuation,0,0.7495779677013616,1.334084035402717
1579,28.3,26.1,0,0,1,0,0,138,Early discontinuation,0,0.3866971492769189,1.6305158190949298
1580,27.9,24.6,1,0,0,0,1,26,Late discontinuation,1,0.5932418952459657,1.6856530329594932
1581,33.0,43.7,0,0,0,0,1,27,Late discontinuation,0,0.5360980699965842,1.8653303489907578
1582,37.7,39.0,0,0,0,0,0,65,Early discontinuation,0,0.5251813096423981,2.1060670531879575
1583,26.9,42.5,0,0,0,0,1,25,Late discontinuation,0,0.5028857159415776,1.9885233728057894
1584,32.3,23.7,0,0,1,0,1,17,Late discontinuation,0,0.3877261933753113,2.579139653410054
1585,34.1,31.4,0,0,0,0,1,35,Late discontinuation,0,0.46080354893987086,2.1701221752753637
1586,35.5,23.2,0,0,0,0,1,7,Late discontinuation,0,0.41407541810523596,2.4150189947905893
1587,32.9,26.8,0,0,0,0,0,95,Early discontinuation,0,0.4263231811225162,1.743141725609037
1588,30.2,25.5,0,1,0,0,1,19,Late discontinuation,0,0.48322468200093555,2.069430716699326
1589,27.9,38.4,1,0,0,0,0,134,Early discontinuation,0,0.6762398492258025,3.088706246302182
1590,32.4,28.6,0,0,0,0,1,60,Late discontinuation,0,0.43576411067002385,2.2948195491877845
1591,26.6,37.4,0,0,1,0,0,126,Early discontinuation,0,0.4512773356913217,1.8224142450173344
1592,17.4,34.6,1,0,0,0,1,28,Late discontinuation,0,0.6135587514305685,1.6298357698727437
1593,34.2,44.8,1,0,0,0,1,48,Late discontinuation,1,0.7326916185653503,1.3648306800043024
1594,36.5,22.1,1,0,0,0,1,47,Late discontinuation,0,0.6120499845641623,1.6338534845517478
1595,20.2,38.6,0,0,0,0,1,17,Late discontinuation,0,0.4497084868298437,2.2236627266017557
1596,27.0,37.9,1,0,0,0,1,6,Late discontinuation,0,0.670070035079614,1.4923813148594018
1597,35.1,25.2,0,0,0,0,1,0,Late discontinuation,0,0.4251247114997473,2.3522509347250553
1598,42.3,37.0,0,1,0,0,1,27,Late discontinuation,0,0.60688656282086,1.647754393097642
1599,32.1,33.0,0,1,1,0,1,32,Late discontinuation,0,0.5226068720545831,1.9134842143743491
1600,28.4,29.6,1,0,0,0,0,143,Early discontinuation,1,0.6261802234593318,2.6750858642472304
1601,31.1,26.1,0,0,0,0,0,111,Early discontinuation,0,0.4145598281922965,1.7081164705732983
1602,38.9,26.7,0,0,0,0,1,54,Late discontinuation,0,0.45034630401618825,2.2205133939859176
1603,28.8,43.3,0,0,0,0,1,19,Late discontinuation,1,0.5160179643675663,1.9379170281902958
1604,28.0,31.0,1,0,0,0,1,52,Late discontinuation,1,0.6331190595557753,1.5794817497701694
1605,29.6,35.7,1,0,1,0,1,51,Late discontinuation,0,0.6514351321790325,1.5350722590828463
1606,27.2,26.3,0,0,0,0,1,35,Late discontinuation,0,0.40009455228067664,2.4994091879023492
1607,32.6,26.3,1,0,0,0,1,56,Late discontinuation,0,0.6224869923544097,1.6064592710889214
1608,40.1,37.5,0,0,0,0,1,30,Late discontinuation,0,0.5254407790882728,1.9031640477832086
1609,33.6,22.9,1,0,0,0,1,37,Late discontinuation,1,0.6054744868261394,1.651597254315272
1610,30.7,28.5,0,1,1,0,1,27,Late discontinuation,0,0.48750047463698465,2.051280054126401
1611,30.5,31.2,1,0,0,0,0,133,Early discontinuation,0,0.6439560163228641,2.808641757325156
1612,24.2,31.7,0,0,0,0,0,137,Early discontinuation,0,0.42198512237643493,1.730059274791288
1613,36.4,29.9,1,0,0,0,0,179,Early discontinuation,1,0.6586472395768227,2.9295207654401074
1614,31.6,33.4,0,0,0,1,1,22,Late discontinuation,1,0.5839904061954879,1.7123568972899443
1615,31.1,35.2,0,0,0,0,0,111,Early discontinuation,1,0.47294932610753676,1.8973507663212572
1616,48.0,35.4,0,0,0,0,1,55,Late discontinuation,0,0.5446620163918411,1.8360009875933396
1617,33.5,25.1,0,0,0,0,1,60,Late discontinuation,0,0.41797468915211294,2.392489368264286
1618,28.2,29.3,0,0,0,0,0,140,Early discontinuation,0,0.42304329786553174,1.7332323141415475
1619,29.9,38.2,1,0,0,0,0,70,Early discontinuation,0,0.6823818369481973,3.1484345554788145
1620,37.7,36.4,0,0,0,0,0,144,Early discontinuation,0,0.5082848563161626,2.033697787926945
1621,32.6,22.8,1,0,1,0,0,140,Early discontinuation,0,0.5841214170852596,2.4045479644355976
1622,24.8,33.1,1,0,0,0,0,118,Early discontinuation,1,0.6334012856483853,2.7277782514012663
1623,36.6,19.1,1,0,1,0,1,44,Late discontinuation,0,0.5769385548927322,1.7332868318809547
1624,28.7,31.3,1,0,0,0,1,50,Late discontinuation,0,0.6376361279735995,1.5682925670758163
1625,41.4,42.4,1,1,1,0,1,35,Late discontinuation,1,0.7867514249558836,1.271049493245054
1626,37.4,25.3,0,0,0,0,0,113,Early discontinuation,0,0.4351773541208868,1.7704672560420427
1627,29.8,26.0,1,0,0,1,1,37,Late discontinuation,1,0.7173859743261128,1.3939497506058225
1628,38.4,35.6,0,0,0,0,1,44,Late discontinuation,0,0.5060025766735854,1.9762745213155009
1629,32.3,21.7,1,1,0,0,0,86,Early discontinuation,0,0.6646427205144766,2.981894418794531
1630,36.3,27.2,1,1,0,0,1,36,Late discontinuation,0,0.7097142927793884,1.409017699338973
1631,34.4,34.6,0,0,0,0,1,44,Late discontinuation,0,0.4828031826278657,2.0712373819846555
1632,27.8,27.2,0,0,1,0,0,105,Early discontinuation,0,0.39151743840319053,1.64343247138546
1633,28.8,29.6,0,0,0,0,1,24,Late discontinuation,0,0.4274005302003233,2.3397256889955154
1634,37.1,35.5,1,0,0,0,1,9,Late discontinuation,0,0.6931118891686592,1.4427684990361835
1635,30.3,33.5,1,0,0,0,1,34,Late discontinuation,0,0.6568068059682096,1.5225177189293642
1636,30.0,32.6,0,0,0,0,0,105,Early discontinuation,1,0.45156574456269727,1.8233726104556218
1637,27.2,29.0,1,0,0,0,1,24,Late discontinuation,0,0.617797181076069,1.618654196929511
1638,34.1,33.2,1,0,0,0,1,26,Late discontinuation,0,0.6692396754087675,1.4942329881879852
1639,42.3,30.3,0,1,0,0,1,44,Late discontinuation,1,0.5646039088631616,1.7711531647266046
1640,26.7,33.7,0,0,0,0,0,112,Early discontinuation,0,0.44501641160921795,1.801855083498194
1641,32.1,28.0,1,0,1,0,1,58,Late discontinuation,0,0.6146027952826242,1.6270671198951372
1642,39.1,29.9,1,0,0,0,1,11,Late discontinuation,0,0.6687111292606921,1.4954140229512427
1643,31.6,25.1,1,1,1,0,1,3,Late discontinuation,1,0.666309792169731,1.500803397686323
1644,34.3,30.8,0,1,0,0,1,41,Late discontinuation,1,0.5347643110297841,1.869982680920351
1645,26.7,26.1,0,0,0,0,1,25,Late discontinuation,0,0.39684549838818345,2.519872353501733
1646,34.1,24.3,0,0,0,0,1,2,Late discontinuation,1,0.4153494635448298,2.407611151018297
1647,31.1,32.6,0,1,0,0,1,16,Late discontinuation,0,0.5331237514171825,1.875737101079699
1648,36.9,32.3,0,0,0,0,0,140,Early discontinuation,0,0.4782824679696072,1.9167460140897559
1649,37.9,35.7,1,0,0,0,1,28,Late discontinuation,1,0.6970466268933506,1.4346242581459359
1650,44.9,28.4,0,0,0,0,0,70,Early discontinuation,0,0.4862965475302255,1.946648392554532
1651,34.9,33.4,1,0,0,1,1,17,Late discontinuation,1,0.7701742292046326,1.298407505835025
1652,33.6,34.3,0,0,1,1,1,40,Late discontinuation,0,0.5809535625373464,1.7213079744832709
1653,33.0,33.7,1,1,0,0,0,112,Early discontinuation,0,0.7326397831307756,3.740272250336842
1654,30.2,26.0,0,0,0,1,1,19,Late discontinuation,1,0.5307617503045575,1.8840845246029652
1655,33.7,31.9,0,0,0,0,1,56,Late discontinuation,0,0.46237748469199375,2.1627350662762828
1656,30.5,33.2,0,0,0,0,0,115,Early discontinuation,1,0.45750755411847704,1.8433436402511563
1657,32.8,31.0,1,0,0,0,0,103,Early discontinuation,1,0.6515321432763844,2.8697051412496326
1658,38.6,18.5,1,0,0,0,0,110,Early discontinuation,0,0.5980419174083127,2.4878215995865647
1659,27.0,32.0,0,0,0,0,1,27,Late discontinuation,0,0.4353484890764773,2.29701038384523
1660,37.7,44.3,0,0,1,0,1,47,Late discontinuation,0,0.5422586282334163,1.8441384755053598
1661,38.6,28.8,1,0,0,0,1,34,Late discontinuation,1,0.6604684978609753,1.5140767549680985
1662,31.4,26.6,0,0,0,0,1,15,Late discontinuation,0,0.41894065359808264,2.386972931396068
1663,21.4,33.2,0,0,0,0,0,99,Early discontinuation,0,0.42010312643208025,1.7244445445055088
1664,29.0,32.9,1,1,0,0,1,12,Late discontinuation,1,0.7151310658876594,1.3983450694576467
1665,38.5,38.2,1,0,0,0,1,34,Late discontinuation,0,0.7126642052329131,1.4031853889352837
1666,31.9,23.5,0,0,0,0,1,41,Late discontinuation,1,0.4014433314747447,2.4910116113434837
1667,27.0,35.4,0,0,0,1,0,91,Early discontinuation,0,0.5779610689951851,2.369449656265458
1668,29.5,34.5,1,0,0,0,1,31,Late discontinuation,0,0.6596562267242321,1.5159411212805058
1669,36.2,30.1,0,0,0,0,1,49,Late discontinuation,0,0.46111061601369524,2.1686770273150673
1670,34.7,33.0,0,0,0,0,1,37,Late discontinuation,0,0.4736628179017681,2.1112064578549794
1671,30.8,37.2,1,0,0,0,0,101,Early discontinuation,0,0.6799937789927888,3.1249392491574888
1672,30.2,36.2,1,0,0,0,1,49,Late discontinuation,0,0.6720996967338826,1.4878744996606497
1673,30.0,24.1,0,0,0,0,0,112,Early discontinuation,1,0.397577541690796,1.6599646746349095
1674,27.4,35.9,1,0,0,0,1,37,Late discontinuation,0,0.6599630231065811,1.5152364071744433
1675,40.1,30.6,1,0,1,0,1,53,Late discontinuation,0,0.6610482683876774,1.5127488382036598
1676,30.4,31.4,0,0,1,0,0,138,Early discontinuation,0,0.4284425273020259,1.7496053288912665
1677,38.1,31.4,1,0,0,0,1,12,Late discontinuation,0,0.673641324989593,1.484469498683812
1678,39.6,30.1,0,0,0,0,1,45,Late discontinuation,0,0.47524709519548547,2.1041685685394156
1679,37.0,38.2,0,0,0,0,1,52,Late discontinuation,0,0.5170682748306712,1.9339805760225353
1680,29.8,30.5,1,0,0,0,1,38,Late discontinuation,0,0.6370696114203245,1.5696871771524856
1681,34.0,24.3,0,0,0,0,0,64,Early discontinuation,0,0.41494398957129397,1.7092380595615784
1682,31.9,28.6,0,0,0,0,0,99,Early discontinuation,0,0.4337121868311356,1.7658864922487827
1683,27.5,32.1,0,1,0,0,1,11,Late discontinuation,0,0.5148847338793606,1.9421822676030314
1684,33.6,38.4,0,1,0,0,0,134,Early discontinuation,0,0.5806375154979716,2.3845719084468158
1685,26.1,34.6,1,0,0,0,1,58,Late discontinuation,0,0.6473898268278797,1.5446643715423536
1686,37.9,25.9,1,0,0,0,0,76,Early discontinuation,0,0.6406569949681282,2.782856451905347
1687,29.7,45.9,1,0,0,0,1,27,Late discontinuation,0,0.7234822641342127,1.382203890231773
1688,33.0,32.6,0,0,0,0,0,64,Early discontinuation,0,0.46400073207481196,1.8656741899497795
1689,33.4,38.7,0,0,0,0,0,64,Early discontinuation,0,0.5052980529869732,2.0214191717617545
1690,30.7,30.1,0,0,0,0,1,17,Late discontinuation,1,0.4383842866547026,2.281103658233214
1691,34.9,34.2,0,0,0,0,0,179,Early discontinuation,1,0.4822886827133227,1.931578404043774
1692,29.6,36.0,0,1,0,0,1,53,Late discontinuation,0,0.5488755470875598,1.821906633126934
1693,36.4,38.3,1,0,0,0,0,87,Early discontinuation,1,0.7059701327990214,3.401015038096347
1694,25.3,37.3,1,1,0,0,1,1,Late discontinuation,0,0.7257493265161264,1.3778862252623525
1695,32.6,36.2,1,0,0,0,1,3,Late discontinuation,0,0.6808708789701124,1.468707255496965
1696,41.7,29.1,0,0,0,1,1,49,Late discontinuation,0,0.5977100994493553,1.673051870666494
1697,27.0,27.6,1,0,0,0,1,27,Late discontinuation,0,0.6083620041012295,1.6437581460685753
1698,28.6,33.0,0,0,0,0,0,158,Early discontinuation,0,0.44835587556372497,1.8127628949585923
1699,34.6,36.6,0,0,0,0,1,24,Late discontinuation,0,0.496644533767039,2.0135125467203268
1700,32.9,29.7,1,0,0,0,0,176,Early discontinuation,0,0.6441945530979336,2.8105247086766627
1701,33.8,37.4,1,0,0,0,1,44,Late discontinuation,0,0.6919066483179706,1.445281675542512
1702,34.4,39.7,0,0,0,0,1,46,Late discontinuation,0,0.5159743387271732,1.9380808791127893
1703,35.2,25.5,0,1,0,0,1,1,Late discontinuation,0,0.5040931956499861,1.9837601630598949
1704,37.5,26.0,0,0,0,0,1,41,Late discontinuation,1,0.4400720124838024,2.2723553682860183
1705,34.0,30.2,1,1,0,0,1,33,Late discontinuation,0,0.7178183576743793,1.3931100943696197
1706,30.8,32.8,0,0,0,1,1,29,Late discontinuation,0,0.5769342212015863,1.7332998516144364
1707,35.4,27.9,1,0,0,0,1,60,Late discontinuation,0,0.6430253506480653,1.5551486407062522
1708,41.5,39.1,0,0,0,0,0,65,Early discontinuation,0,0.5416216731257454,2.181604018713404
1709,31.3,33.5,0,0,1,0,1,43,Late discontinuation,0,0.4455854814523685,2.24423829237106
1710,27.1,31.2,0,1,0,0,0,107,Early discontinuation,0,0.5073627181164718,2.0298910309358704
1711,37.5,22.4,0,0,1,0,1,43,Late discontinuation,0,0.4003817799751383,2.497616150420469
1712,31.4,23.1,0,0,0,0,0,100,Early discontinuation,0,0.39694390222198217,1.65822052655555
1713,21.1,32.7,1,0,0,0,1,32,Late discontinuation,0,0.6164804818643228,1.6221113715974604
1714,36.2,18.2,1,0,0,0,0,72,Early discontinuation,0,0.5864782250314664,2.418252340100092
1715,29.3,37.1,1,0,0,0,0,154,Early discontinuation,0,0.6739468204441181,3.0669843531723977
1716,31.5,30.1,1,0,0,1,1,26,Late discontinuation,0,0.743955339961301,1.3441667077112691
1717,33.7,50.5,1,0,0,0,1,47,Late discontinuation,0,0.7592041420447233,1.3171687884983798
1718,33.0,44.8,1,0,0,0,0,103,Early discontinuation,1,0.7287484547978146,3.686614943537447
1719,35.5,29.9,1,1,0,0,1,21,Late discontinuation,0,0.7212976667328161,1.3863901772060232
1720,29.8,30.4,0,0,0,0,0,107,Early discontinuation,0,0.43660698472727866,1.77495988216313
1721,34.6,37.0,0,0,0,0,1,15,Late discontinuation,0,0.4992471020148988,2.0030161336222587
1722,30.7,41.2,0,0,0,1,0,146,Early discontinuation,1,0.6288182689067974,2.6940981094484497
1723,35.7,21.2,0,0,0,0,0,114,Early discontinuation,0,0.4023085471169534,1.673104065946339
1724,35.1,20.3,0,0,0,1,1,15,Late discontinuation,0,0.5141669566233431,1.9448935547457935
1725,27.3,27.3,1,0,0,0,1,5,Late discontinuation,0,0.607695186631348,1.6455618244128691
1726,37.4,34.5,0,0,0,0,0,132,Early discontinuation,0,0.4946708864898398,1.9789083456001866
1727,29.3,34.0,0,0,0,0,0,66,Early discontinuation,0,0.4577014095148681,1.8440025800277586
1728,36.0,37.4,0,0,0,0,1,22,Late discontinuation,1,0.5076940851388865,1.9696900737506853
1729,33.8,23.8,0,0,0,0,1,41,Late discontinuation,0,0.41097963006667065,2.4332106188274496
1730,41.2,17.1,0,0,0,0,1,36,Late discontinuation,0,0.39874114661573445,2.5078926729467845
1731,30.9,36.1,0,0,0,0,1,7,Late discontinuation,0,0.4779580774131946,2.0922337067974692
1732,30.3,26.0,0,1,1,0,0,131,Early discontinuation,0,0.4695990607369173,1.885366193712551
1733,31.9,18.9,0,0,1,0,0,82,Early discontinuation,0,0.3569823548728099,1.5551672766339066
1734,30.5,31.9,1,1,0,0,1,51,Late discontinuation,0,0.7149321344240578,1.3987341620972038
1735,36.0,35.8,1,0,0,0,1,21,Late discontinuation,1,0.6908606856475338,1.447469831146513
1736,23.9,30.3,0,0,0,0,1,5,Late discontinuation,0,0.4119097430081535,2.4277163067254897
1737,26.7,28.3,0,0,0,0,1,53,Late discontinuation,0,0.410628269090223,2.435292636368103
1738,26.7,30.0,0,0,0,0,1,31,Late discontinuation,0,0.42137674976079,2.373173177133496
1739,36.8,28.8,1,0,0,0,1,16,Late discontinuation,0,0.6536954170900579,1.5297644344081927
1740,40.6,22.9,0,0,0,0,0,143,Early discontinuation,0,0.4329608104225572,1.7635465385473608
1741,31.5,26.7,0,1,0,0,0,169,Early discontinuation,0,0.4964537719787574,1.98591498526291
1742,31.2,34.1,1,0,0,0,1,36,Late discontinuation,0,0.6636811171504321,1.5067477048218276
1743,32.4,32.9,0,0,0,0,1,22,Late discontinuation,0,0.4634506179675999,2.1577271908393714
1744,37.8,32.0,0,0,0,0,0,114,Early discontinuation,0,0.48008485565680237,1.9233907895937281
1745,27.4,25.0,0,0,1,0,0,106,Early discontinuation,0,0.3763955323147549,1.6035805575798647
1746,33.2,29.9,1,0,0,1,1,48,Late discontinuation,0,0.7483466491153405,1.3362791176818283
1747,36.9,17.9,1,0,0,0,1,60,Late discontinuation,1,0.5874193986998286,1.7023612128121088
1748,34.5,32.1,1,0,0,0,1,12,Late discontinuation,0,0.6643632095029852,1.5052007481692236
1749,32.9,39.6,0,0,0,0,1,31,Late discontinuation,0,0.5090656579093935,1.9643831487410723
1750,37.0,22.2,0,1,0,0,0,101,Early discontinuation,0,0.49013793270065736,1.961314763612126
1751,18.5,27.5,1,0,1,0,1,6,Late discontinuation,0,0.5564013446057684,1.7972638091098398
1752,35.4,33.0,1,0,0,0,1,21,Late discontinuation,0,0.6728828546574249,1.4861427855954443
1753,28.7,38.5,0,1,0,1,1,20,Late discontinuation,1,0.6752759860846217,1.4808759982687816
1754,22.8,28.3,1,0,0,0,1,5,Late discontinuation,0,0.5959241588961799,1.6780658831692323
1755,34.6,26.8,0,0,0,0,0,152,Early discontinuation,0,0.43328062582344795,1.7645417565845676
1756,38.9,19.2,0,0,1,0,1,13,Late discontinuation,0,0.386089843148086,2.5900707251095616
1757,31.3,31.6,1,0,1,0,1,15,Late discontinuation,0,0.6334476488232185,1.5786624227870145
1758,36.8,43.3,0,0,0,0,0,156,Early discontinuation,0,0.5492629541642859,2.218588441395791
1759,40.1,32.7,1,0,0,0,1,8,Late discontinuation,1,0.6882465938167792,1.4529675976372705
1760,38.6,30.9,0,0,0,0,0,158,Early discontinuation,0,0.4762749289783815,1.9093987577285976
1761,40.2,32.9,0,0,0,0,1,20,Late discontinuation,1,0.4959502471028887,2.0163312869416563
1762,35.7,30.9,1,0,0,0,1,49,Late discontinuation,0,0.6618631010250223,1.5108864634564272
1763,32.4,26.1,1,1,0,0,0,73,Early discontinuation,0,0.6900254644279197,3.226071451819189
1764,24.0,35.9,0,0,1,0,0,149,Early discontinuation,0,0.43095149493363205,1.7573194395500087
1765,30.8,32.4,0,0,0,1,1,59,Late discontinuation,0,0.5743912076386019,1.7409737243561443
1766,27.8,31.1,1,0,1,0,0,100,Early discontinuation,1,0.6167020035931045,2.6089361524823507
1767,42.9,25.1,0,1,0,0,0,163,Early discontinuation,0,0.5335873631439298,2.1440242415828648
1768,31.1,38.8,1,0,0,0,1,31,Late discontinuation,1,0.6900589860286498,1.449151478709216
1769,32.6,35.0,1,0,1,0,1,22,Late discontinuation,0,0.6586389783319954,1.518282447438052
1770,34.8,27.7,0,1,0,0,1,2,Late discontinuation,0,0.5167314447934671,1.9352412361893148
1771,32.2,37.0,0,0,1,0,0,173,Early discontinuation,1,0.4719290565751788,1.8936849536057934
1772,40.5,28.0,0,1,0,0,0,122,Early discontinuation,0,0.5423850817190403,2.1852434438906005
1773,28.9,26.3,1,0,0,0,0,104,Early discontinuation,0,0.6078605526566635,2.550113248679246
1774,33.0,26.4,0,0,1,0,1,36,Late discontinuation,0,0.407352823773178,2.454874353729335
1775,28.3,20.4,0,1,0,1,1,6,Late discontinuation,1,0.5632572261888852,1.775387786440321
1776,25.4,33.8,0,0,1,0,1,2,Late discontinuation,0,0.42329898263680354,2.362396417234043
1777,28.9,20.0,1,0,1,0,0,117,Early discontinuation,0,0.5510842566181415,2.2275895081482497
1778,31.8,23.6,0,0,0,0,0,155,Early discontinuation,0,0.40166744951517847,1.6713113789141376
1779,29.9,18.5,0,1,0,0,1,2,Late discontinuation,0,0.4367605591290072,2.2895840274456356
1780,28.5,30.5,1,0,0,0,0,71,Early discontinuation,0,0.6320352403726069,2.7176515517752726
1781,25.0,30.1,1,0,0,0,0,85,Early discontinuation,0,0.6158801520725846,2.603354149481397
1782,31.6,29.0,1,0,0,0,1,30,Late discontinuation,0,0.6349909204064706,1.5748256673652588
1783,24.5,24.7,0,0,0,0,0,106,Early discontinuation,0,0.379468957476988,1.6115229238719604
1784,35.8,24.0,0,0,0,0,1,13,Late discontinuation,0,0.4203560285363423,2.3789357880317494
1785,32.4,33.8,1,0,0,0,1,36,Late discontinuation,0,0.6664059258732503,1.5005868963269078
1786,24.7,27.7,0,0,0,0,1,30,Late discontinuation,0,0.3988199742989619,2.5073969822042663
1787,30.5,32.9,1,0,0,0,1,52,Late discontinuation,0,0.6540344133166144,1.528971533667458
1788,28.2,25.7,1,0,0,0,0,144,Early discontinuation,0,0.6013329908587939,2.5083590492079177
1789,33.6,32.1,0,0,1,0,0,67,Early discontinuation,0,0.44607298371380283,1.805291979987722
1790,38.7,38.8,1,1,0,1,1,46,Late discontinuation,1,0.848381408044164,1.1787151280287642
1791,22.6,34.5,1,1,0,0,1,42,Late discontinuation,1,0.7016566175983364,1.4251985585525402
1792,32.6,28.5,0,0,0,0,1,21,Late discontinuation,0,0.4359454183258273,2.2938651444952134
1793,31.2,32.5,0,0,0,0,1,9,Late discontinuation,0,0.4558877018497752,2.1935226502984753
1794,35.4,29.6,0,0,1,0,0,153,Early discontinuation,0,0.4374405640912825,1.7775899508016837
1795,33.1,31.0,0,0,0,0,1,29,Late discontinuation,0,0.45407516340882814,2.202278566598558
1796,28.2,29.0,0,0,0,0,0,136,Early discontinuation,0,0.4211387291134367,1.7275296349822051
1797,30.4,30.0,1,0,0,0,1,18,Late discontinuation,1,0.6363772790555778,1.5713948830543734
1798,28.0,32.3,1,0,0,0,1,45,Late discontinuation,0,0.6409420254464206,1.560203513419943
1799,37.4,25.0,0,1,0,0,0,153,Early discontinuation,0,0.5100236290207029,2.040914744523982
1800,32.1,24.9,0,0,0,0,0,95,Early discontinuation,0,0.41103747025826504,1.6979008841844463
1801,41.5,22.7,1,0,0,0,1,54,Late discontinuation,0,0.6353070760933919,1.574041967467394
1802,31.7,21.4,0,0,0,0,1,60,Late discontinuation,0,0.38759097933482406,2.5800394057575335
1803,28.5,23.7,1,1,1,1,0,120,Early discontinuation,0,0.7482531065377095,3.9722436541199713
1804,24.4,32.0,0,0,0,0,1,45,Late discontinuation,0,0.4247065713906124,2.354566817098474
1805,23.0,25.6,0,0,0,0,0,76,Early discontinuation,0,0.37908607889440576,1.6105291989901083
1806,24.1,34.1,0,0,0,0,1,31,Late discontinuation,0,0.43687938069039534,2.288961311059615
1807,33.3,31.2,1,0,0,0,0,133,Early discontinuation,0,0.6546033329579984,2.8952219156138996
1808,34.5,19.2,0,0,1,0,0,102,Early discontinuation,0,0.36882563491748155,1.584348248790589
1809,24.1,34.9,1,0,0,0,0,121,Early discontinuation,0,0.6415259848352787,2.7896024752044943
1810,36.5,35.9,0,0,0,0,0,134,Early discontinuation,0,0.5000223652046527,2.000089464820409
1811,29.6,25.0,0,0,0,0,0,137,Early discontinuation,0,0.4015945887609394,1.6711078830811306
1812,32.7,33.5,0,0,0,0,0,108,Early discontinuation,0,0.4685831735485846,1.881762018484796
1813,40.1,25.9,1,1,0,0,1,12,Late discontinuation,0,0.715779644133105,1.3970780088488266
1814,36.5,31.6,1,0,0,0,0,144,Early discontinuation,0,0.668893806627864,3.0201790845877734
1815,30.7,23.4,0,0,0,0,0,153,Early discontinuation,0,0.3960149820342665,1.6556702074632155
1816,27.5,20.2,0,0,0,0,0,124,Early discontinuation,0,0.36382032917334894,1.571882985038804
1817,21.2,28.7,0,0,0,1,1,31,Late discontinuation,0,0.5107918201449058,1.9577447417155418
1818,28.4,30.3,0,0,0,0,1,31,Late discontinuation,0,0.4302266404922747,2.324356294756127
1819,30.9,28.6,0,0,1,0,1,57,Late discontinuation,0,0.41272012791823115,2.422949433176474
1820,27.1,23.9,1,1,0,0,1,39,Late discontinuation,0,0.6580173203561297,1.5197168358103152
1821,31.3,28.6,1,1,0,0,1,55,Late discontinuation,0,0.6999235600594551,1.4287274454871255
1822,32.4,32.6,0,0,0,1,0,161,Early discontinuation,0,0.5821766593388477,2.393356001648034
1823,30.9,30.7,0,0,0,0,0,137,Early discontinuation,0,0.4430565618359067,1.795514466058523
1824,28.7,32.1,1,0,0,0,1,2,Late discontinuation,0,0.6424330184692334,1.556582509384036
1825,32.8,27.0,1,0,0,0,1,17,Late discontinuation,0,0.6275395917473586,1.593524955478172
1826,34.2,38.0,0,0,0,0,1,49,Late discontinuation,0,0.5040835634853529,1.9837980692839172
1827,26.5,23.9,0,0,0,0,0,79,Early discontinuation,0,0.3824353983864096,1.6192637942446368
1828,39.1,33.9,0,1,0,0,1,54,Late discontinuation,0,0.5744725273063646,1.7407272801867213
1829,31.5,38.1,0,0,0,0,1,37,Late discontinuation,0,0.4934622334243322,2.0264975357092663
1830,32.1,33.9,0,1,0,0,1,42,Late discontinuation,0,0.5456781098788827,1.8325822163215553
1831,35.5,29.8,0,0,0,0,0,142,Early discontinuation,0,0.4562694783176526,1.8391463420260408
1832,33.2,27.8,1,0,0,0,1,47,Late discontinuation,0,0.633944611740354,1.5774248751081301
1833,36.8,37.2,0,0,0,0,1,4,Late discontinuation,0,0.5097321387864759,1.9618146942445287
1834,33.4,22.5,0,0,0,0,1,23,Late discontinuation,0,0.4012087632109734,2.492467990969967
1835,28.9,25.2,0,0,0,0,0,110,Early discontinuation,0,0.40003720604018833,1.6667700231874456
1836,33.8,28.6,1,0,0,0,1,33,Late discontinuation,0,0.6410715089245619,1.5598883838677582
1837,26.3,38.4,1,0,0,0,1,46,Late discontinuation,1,0.6703624848962523,1.4917302541993585
1838,32.5,33.3,0,1,0,0,1,47,Late discontinuation,0,0.5434619295960231,1.8400552928212282
1839,31.8,25.2,0,0,0,0,0,102,Early discontinuation,1,0.41171496443806854,1.6998562593807902
1840,31.0,29.1,1,0,0,1,1,47,Late discontinuation,0,0.7373524500967111,1.3562035358651618
1841,31.4,27.3,0,1,0,1,0,126,Early discontinuation,0,0.6191029417818781,2.6253812635836815
1842,22.6,26.7,0,0,1,0,0,77,Early discontinuation,0,0.3680036210548081,1.5822875467562167
1843,29.3,36.9,0,0,1,0,0,180,Early discontinuation,0,0.45923211447305756,1.8492222389011994
1844,32.5,22.8,0,0,0,0,0,169,Early discontinuation,0,0.3994749740027179,1.6652095361709804
1845,32.8,40.7,0,0,0,0,0,91,Early discontinuation,0,0.5158010897810692,2.0652669365733383
1846,26.9,36.0,1,1,0,0,1,33,Late discontinuation,1,0.7243310723822387,1.3805841529221148
1847,38.3,37.5,1,0,0,0,0,167,Early discontinuation,0,0.7082294649340282,3.4273508796009553
1848,27.7,28.2,0,0,0,0,0,172,Early discontinuation,1,0.41404424303938236,1.7066134910714947
1849,36.8,30.1,1,0,0,0,0,112,Early discontinuation,0,0.6613143424366804,2.9525903375847653
1850,34.1,22.4,0,0,0,0,1,17,Late discontinuation,0,0.40339385216620993,2.478966882192273
1851,28.8,27.9,0,0,0,0,1,5,Late discontinuation,0,0.41660902630997665,2.400332054389895
1852,40.9,34.0,1,1,0,1,1,49,Late discontinuation,1,0.8366863068540061,1.1951910671994428
1853,26.0,38.8,1,0,0,0,1,27,Late discontinuation,0,0.6715547682714089,1.4890818251116191
1854,36.6,24.4,0,0,0,0,0,172,Early discontinuation,1,0.4261585635802687,1.7426416716072743
1855,37.0,28.8,0,0,0,0,1,33,Late discontinuation,0,0.4560272816817069,2.192851261688263
1856,28.6,30.1,1,0,0,0,1,50,Late discontinuation,0,0.630000160211982,1.587301183643383
1857,39.0,22.6,1,0,0,0,1,40,Late discontinuation,0,0.6249706375247455,1.6000751714682042
1858,30.7,34.5,1,1,1,0,1,28,Late discontinuation,0,0.715277965040578,1.3980578864096138
1859,33.4,26.7,0,0,1,0,0,74,Early discontinuation,0,0.4108550630302725,1.6973751911431327
1860,33.3,29.8,0,0,0,0,0,150,Early discontinuation,0,0.44717042291475384,1.808875721289059
1861,31.3,28.3,0,0,0,0,0,144,Early discontinuation,0,0.42933885564491137,1.752353406030671
1862,36.1,26.3,0,0,0,0,0,102,Early discontinuation,0,0.43623858266355353,1.7737999963257707
1863,36.0,31.0,1,0,0,0,1,38,Late discontinuation,0,0.6635646974129711,1.5070120576014423
1864,23.3,29.7,0,0,0,0,1,7,Late discontinuation,0,0.40571408814470533,2.4647899326664047
1865,38.5,28.8,0,0,1,0,1,14,Late discontinuation,0,0.4450708086146407,2.246833494006654
1866,23.7,26.6,1,1,0,0,0,142,Early discontinuation,0,0.6610466918252561,2.9502588583217495
1867,37.2,32.9,0,0,0,0,0,103,Early discontinuation,0,0.4834312849654435,1.9358508769411322
1868,37.6,40.9,0,0,0,0,0,133,Early discontinuation,1,0.5370793716009473,2.1601975342044324
1869,26.5,31.8,1,0,0,0,1,10,Late discontinuation,1,0.6321362124310598,1.581937532346415
1870,29.9,37.0,1,0,0,0,1,19,Late discontinuation,0,0.6755746166845471,1.480221392727282
1871,26.5,22.7,1,1,0,0,1,54,Late discontinuation,1,0.648674929798685,1.541604205839045
1872,30.9,31.9,0,1,0,0,1,35,Late discontinuation,0,0.5277542006941529,1.894821488269926
1873,30.5,24.4,1,0,0,0,1,17,Late discontinuation,0,0.6024294416648462,1.6599454323421612
1874,35.9,22.1,1,1,0,0,0,123,Early discontinuation,0,0.6801765689871282,3.1267252584747407
1875,38.6,26.6,0,0,0,0,0,86,Early discontinuation,1,0.4484626451616655,1.8131138194494878
1876,39.0,38.2,0,1,1,0,1,37,Late discontinuation,0,0.584446721471665,1.711019949743155
1877,29.2,36.7,1,0,0,0,1,24,Late discontinuation,1,0.6712866713523572,1.4896765311687556
1878,31.0,32.5,0,0,1,0,0,127,Early discontinuation,1,0.43793187817883317,1.779143774886009
1879,23.6,21.8,1,0,0,0,0,116,Early discontinuation,0,0.5579140474812303,2.262003563566166
1880,28.0,29.8,0,1,0,0,1,0,Late discontinuation,0,0.5020115589860038,1.9919860053020815
1881,36.8,32.8,0,0,0,0,1,39,Late discontinuation,0,0.48111355954367274,2.078511362158409
1882,40.1,32.1,0,0,0,0,0,66,Early discontinuation,0,0.49032863078639044,1.9620486070130567
1883,25.8,19.9,1,0,1,0,0,112,Early discontinuation,0,0.5375989176595803,2.1626246957263824
1884,29.0,25.7,0,0,1,0,1,50,Late discontinuation,0,0.3870006364042338,2.5839750789336424
1885,31.9,30.6,0,0,0,1,0,112,Early discontinuation,0,0.5674151926265111,2.3116854382188485
1886,33.4,34.2,1,1,0,0,0,84,Early discontinuation,0,0.7364795192141564,3.7947714614738985
1887,28.0,17.8,1,0,0,0,0,162,Early discontinuation,0,0.5503476712653348,2.223940444863322
1888,34.1,30.0,1,1,1,1,1,24,Late discontinuation,0,0.7936062390779405,1.260070738811051
1889,29.6,31.9,0,0,0,0,0,175,Early discontinuation,0,0.4454073237855651,1.8031251455137267
1890,31.9,36.1,0,0,0,0,1,9,Late discontinuation,0,0.482126382028747,2.0741449488660724
1891,34.7,35.2,1,0,0,0,0,135,Early discontinuation,0,0.6828327142745361,3.1529102937356144
1892,32.0,34.5,1,0,0,0,1,11,Late discontinuation,1,0.6689660633064437,1.4948441406091395
1893,29.8,26.2,0,0,1,0,0,96,Early discontinuation,0,0.3932754763314373,1.648194462214079
1894,31.5,19.6,0,0,0,0,1,48,Late discontinuation,0,0.37574765529794063,2.661360585755545
1895,31.6,28.6,1,0,0,0,1,31,Late discontinuation,1,0.6325746338578061,1.580841131585409
1896,30.1,37.0,0,0,0,0,0,140,Early discontinuation,0,0.4804696299860528,1.9248152903422262
1897,30.7,39.4,1,0,0,0,1,7,Late discontinuation,1,0.6919668873894695,1.4451558567674
1898,40.0,35.3,0,0,0,0,1,41,Late discontinuation,0,0.5107292234474059,1.9579846895190998
1899,34.8,33.6,0,0,0,0,1,25,Late discontinuation,0,0.4779741082728662,2.0921635349944925
1900,30.5,33.3,1,0,1,1,1,41,Late discontinuation,1,0.7434355964204913,1.3451064286063517
1901,35.5,27.7,0,0,0,0,0,90,Early discontinuation,0,0.442745942186563,1.7945136261973882
1902,30.3,30.2,0,0,0,0,0,163,Early discontinuation,0,0.4373806820448779,1.7774007540917143
1903,37.9,41.0,0,0,0,1,1,40,Late discontinuation,1,0.6552471523450867,1.5261416954214382
1904,33.8,25.3,0,0,0,0,0,171,Early discontinuation,0,0.42046182525716647,1.7255118706265447
1905,31.5,40.7,1,0,1,0,1,1,Late discontinuation,1,0.6872328597897047,1.4551108634502765
1906,34.2,29.1,1,0,0,0,1,34,Late discontinuation,0,0.6455901594206378,1.5489703264644166
1907,24.1,39.0,1,0,0,0,1,33,Late discontinuation,1,0.665677863075332,1.5022281128294543
1908,26.4,22.6,0,0,0,0,1,5,Late discontinuation,0,0.3740858365305031,2.673183270648793
1909,26.0,34.5,0,0,0,0,0,82,Early discontinuation,0,0.4472726735007313,1.8092103503070118
1910,32.7,26.6,0,0,0,0,0,165,Early discontinuation,0,0.4242345893988835,1.736818470835144
1911,40.7,22.5,1,0,1,0,0,121,Early discontinuation,0,0.6147153821957301,2.5954838417868378
1912,43.2,32.3,1,0,0,1,1,53,Late discontinuation,1,0.7890611964986606,1.2673288262524482
1913,35.2,37.1,1,0,0,0,0,97,Early discontinuation,0,0.6952162111801804,3.281014399985606
1914,34.5,25.9,0,0,0,1,0,178,Early discontinuation,0,0.547954559371942,2.2121669861565927
1915,23.0,22.0,0,0,0,1,1,14,Late discontinuation,0,0.4747361423157388,2.1064332602149287
1916,29.3,30.4,0,1,0,0,0,162,Early discontinuation,1,0.5113410263856628,2.0464169369561747
1917,28.1,30.5,0,1,1,0,0,95,Early discontinuation,0,0.4896574855973732,1.9594683409249842
1918,28.9,34.3,0,0,0,0,1,49,Late discontinuation,0,0.4579813761070753,2.1834949021293864
1919,31.2,36.7,1,0,0,1,0,164,Early discontinuation,0,0.7744116913408076,4.432853838674548
1920,29.6,30.6,0,0,0,0,1,1,Late discontinuation,0,0.43706585589315444,2.2879847201893093
1921,22.1,42.1,0,0,0,0,1,10,Late discontinuation,0,0.48025349818715274,2.0822336615449375
1922,35.7,32.3,0,0,0,0,0,92,Early discontinuation,0,0.4732842854948587,1.8985573668321585
1923,26.6,28.9,1,0,1,0,0,140,Early discontinuation,0,0.598273303539213,2.489254532521742
1924,33.2,21.3,1,0,0,1,0,152,Early discontinuation,1,0.7039103249271597,3.3773551872553216
1925,42.4,29.4,1,0,1,0,1,58,Late discontinuation,0,0.6626548226884549,1.5090812980774864
1926,27.4,29.0,1,1,0,0,1,55,Late discontinuation,0,0.688306663071463,1.4528407956094065
1927,19.3,36.8,0,0,0,0,1,37,Late discontinuation,0,0.4344480820705287,2.3017710084807304
1928,30.6,33.8,1,1,0,0,1,24,Late discontinuation,0,0.7252351049094411,1.3788632034364474
1929,37.5,23.9,0,1,0,1,1,42,Late discontinuation,0,0.6222531939556303,1.6070628639815465
1930,41.8,32.0,0,0,0,0,1,20,Late discontinuation,0,0.49677428185935235,2.0129866551407383
1931,25.9,35.0,1,0,0,1,1,41,Late discontinuation,0,0.750379598445396,1.3326588330383138
1932,34.5,40.2,1,0,0,0,1,35,Late discontinuation,0,0.7096348905450717,1.4091753566850391
1933,29.7,36.3,0,0,0,0,0,90,Early discontinuation,0,0.47425789468374957,1.9020732596611574
1934,31.5,35.6,0,0,1,0,0,82,Early discontinuation,0,0.4599538189225161,1.8516934940727292
1935,45.2,31.4,0,0,0,1,1,9,Late discontinuation,1,0.6258005635843717,1.5979531790005777
1936,24.5,33.3,0,0,1,1,0,91,Early discontinuation,0,0.537105060854615,2.1603174185620597
1937,33.3,38.5,0,0,0,0,1,45,Late discontinuation,0,0.5035793830366041,1.9857842351884214
1938,34.3,23.0,0,0,0,0,0,171,Early discontinuation,0,0.4079640990483015,1.689086757057298
1939,37.4,28.9,0,0,0,0,0,79,Early discontinuation,1,0.4583309034329613,1.8461455644003806
1940,32.5,26.4,1,0,0,0,1,4,Late discontinuation,1,0.622706131501339,1.6058939352162933
1941,33.5,33.3,0,0,1,0,1,15,Late discontinuation,0,0.4533885009079902,2.2056139447677303
1942,30.0,38.4,0,0,0,0,1,36,Late discontinuation,1,0.4891530553249481,2.0443499005351042
1943,33.3,27.4,0,0,1,1,1,36,Late discontinuation,0,0.5354649597660868,1.8675358335993477
1944,30.3,16.7,1,0,1,0,1,28,Late discontinuation,1,0.5355762781593202,1.867147670238161
1945,35.1,28.5,0,0,0,0,0,169,Early discontinuation,0,0.44623760025679265,1.8058286378123969
1946,30.2,36.5,0,1,1,0,0,114,Early discontinuation,0,0.5373927944213212,2.1616610980996125
1947,33.9,34.2,0,0,0,0,0,87,Early discontinuation,0,0.4781202703845965,1.916150299106165
1948,31.9,33.6,1,0,1,1,1,52,Late discontinuation,0,0.7493390208788989,1.334509443839053
1949,37.6,29.3,1,0,0,0,1,17,Late discontinuation,0,0.6596412376544915,1.5159755681068905
1950,31.7,23.3,1,1,0,0,0,171,Early discontinuation,0,0.6716539345005087,3.0455671776628894
1951,23.1,34.1,1,0,1,1,1,59,Late discontinuation,0,0.7233507815708408,1.3824551316974913
1952,38.3,26.0,1,0,0,0,0,131,Early discontinuation,0,0.6427911895899682,2.799483021855264
1953,27.5,44.1,1,0,0,0,1,46,Late discontinuation,0,0.7064520048348126,1.4155243288379185
1954,28.7,34.4,0,0,0,0,1,30,Late discontinuation,1,0.45779834202010394,2.184367893486354
1955,29.0,27.5,0,0,0,0,0,161,Early discontinuation,0,0.41489159274007237,1.709084996202698
1956,38.9,27.3,1,0,0,0,0,144,Early discontinuation,1,0.6527962786274875,2.880153461624643
1957,21.3,30.4,0,1,0,0,1,10,Late discontinuation,0,0.4779574225622202,2.09223657337348
1958,47.7,29.6,0,0,0,0,0,79,Early discontinuation,0,0.5057906562346188,2.023434021665798
1959,37.3,37.7,1,0,0,0,1,27,Late discontinuation,0,0.7058485245689389,1.4167345615841573
1960,33.1,32.1,0,0,0,0,1,26,Late discontinuation,0,0.4611808393587845,2.1683468059739375
1961,31.7,26.6,1,0,0,0,1,18,Late discontinuation,0,0.6207883312296013,1.6108550204532526
1962,33.4,42.3,1,1,0,0,0,85,Early discontinuation,0,0.7753136798194181,4.450649239331942
1963,34.6,31.3,0,0,0,0,1,44,Late discontinuation,1,0.4622318726321422,2.1634163700256765
1964,35.2,35.6,1,0,1,0,0,134,Early discontinuation,0,0.6717852118038293,3.046785324621967
1965,34.8,27.4,0,0,0,0,0,126,Early discontinuation,1,0.43794092264983925,1.7791724042862553
1966,32.4,33.2,0,1,0,0,1,19,Late discontinuation,0,0.5424016524343583,1.8436522003793496
1967,31.0,32.9,0,0,1,0,1,2,Late discontinuation,0,0.4404960240766291,2.2701680499754957
1968,31.2,19.7,1,0,0,0,1,15,Late discontinuation,0,0.5756558070709874,1.7371491570425248
1969,31.0,43.1,1,0,0,0,1,38,Late discontinuation,0,0.7131306306131632,1.4022676310231985
1970,37.7,38.7,0,0,0,0,1,43,Late discontinuation,1,0.5232339240638065,1.9111910638998506
1971,35.0,28.6,1,1,1,1,1,28,Late discontinuation,0,0.7900778754305439,1.2656980167367191
1972,17.3,24.4,0,0,0,0,1,14,Late discontinuation,0,0.34981553640284235,2.8586494764726944
1973,35.3,33.1,1,0,0,0,0,87,Early discontinuation,0,0.6730881032209995,3.0589281389047205
1974,33.0,31.5,0,0,0,0,1,39,Late discontinuation,0,0.456888449640348,2.1887180575196785
1975,31.9,33.1,1,0,0,0,1,54,Late discontinuation,0,0.6604736763244725,1.514064883804283
1976,30.1,32.1,0,0,0,0,0,103,Early discontinuation,0,0.4487581521632201,1.8140857845322644
1977,37.6,34.0,0,1,0,1,1,0,Late discontinuation,0,0.6821472555285008,1.4659591340365938
1978,36.7,39.7,0,0,0,0,1,28,Late discontinuation,0,0.5255599331292723,1.9027325657148781
1979,28.1,34.4,1,1,0,1,0,66,Early discontinuation,0,0.8069679673698563,5.180487333498871
1980,34.0,24.7,0,0,0,0,1,29,Late discontinuation,0,0.4174735097810005,2.3953615656346265
1981,27.1,39.2,1,0,0,1,1,39,Late discontinuation,1,0.7738164224156963,1.2922961713298937
1982,25.1,40.8,0,0,0,0,0,108,Early discontinuation,0,0.4843148042409353,1.939167554593159
1983,28.9,49.9,0,0,1,0,1,31,Late discontinuation,0,0.5419576007294822,1.8451627925394656
1984,36.3,24.3,0,1,0,0,1,9,Late discontinuation,0,0.5008779108433881,1.9964945116389348
1985,36.8,32.5,1,1,0,0,1,26,Late discontinuation,1,0.7389051027680994,1.3533537611985387
1986,34.6,18.5,0,0,1,0,0,111,Early discontinuation,0,0.36498172561106673,1.5747578303353273
1987,35.6,34.3,1,0,0,0,1,7,Late discontinuation,1,0.6810121037024054,1.4684026826592038
1988,34.6,27.7,1,0,0,0,1,50,Late discontinuation,0,0.6387526082464196,1.565551337231045
1989,28.8,42.5,1,1,0,0,1,35,Late discontinuation,0,0.7625929074382647,1.3113156315067807
1990,34.2,26.4,0,1,0,0,0,162,Early discontinuation,0,0.5057739402926577,2.0233655841461564
1991,36.0,20.9,1,0,1,0,1,54,Late discontinuation,0,0.5859009405372718,1.7067731604646323
1992,35.8,28.2,1,0,0,1,1,34,Late discontinuation,0,0.7481913051943883,1.3365565638860093
1993,37.9,19.1,0,0,0,0,0,86,Early discontinuation,0,0.3980083763202792,1.661152681639359
1994,35.5,35.5,1,0,0,0,0,130,Early discontinuation,0,0.6873992259769726,3.1989684066691915
1995,33.8,18.6,0,0,0,0,0,80,Early discontinuation,0,0.3786568183484995,1.6094165503547457
1996,37.4,31.2,0,0,0,0,1,35,Late discontinuation,0,0.4732247240173137,2.113160934430411
1997,31.9,18.5,0,0,0,1,0,114,Early discontinuation,0,0.4891007568112215,1.9573331010601982
1998,27.6,29.1,0,0,0,0,1,19,Late discontinuation,1,0.41933158969032247,2.3847475949486725
1999,31.2,40.9,0,1,0,0,0,66,Early discontinuation,1,0.5867089093592854,2.4196021221984867
2000,28.3,33.2,0,0,1,0,0,152,Early discontinuation,1,0.43132894289434803,1.7584858372952372
